ts_local,ts_utc,origen,device_id,puertaAbierta,eventosAcceso,tempPuerta,tsDispositivo
2026-09-26T15:37:35-05:00,2026-09-26T20:37:35+00:00,Puente HTTP/REST (sensor de campo -> Central),DC-ACCESO-10,True,1,24.19,2026-09-26T20:37:35+00:00
2026-09-26T15:39:34-05:00,2026-09-26T20:39:34+00:00,Puente HTTP/REST (sensor de campo -> Central),DC-ACCESO-10,False,0,23.71,2026-09-26T20:39:34+00:00
2026-09-26T15:39:35-05:00,2026-09-26T20:39:35+00:00,Puente HTTP/REST (sensor de campo -> Central),DC-ACCESO-10,False,1,23.78,2026-09-26T20:39:35+00:00
2026-09-26T15:41:35-05:00,2026-09-26T20:41:35+00:00,Puente HTTP/REST (sensor de campo -> Central),DC-ACCESO-10,True,1,24.06,2026-09-26T20:41:34+00:00
2026-09-26T15:41:35-05:00,2026-09-26T20:41:35+00:00,Puente HTTP/REST (sensor de campo -> Central),DC-ACCESO-10,False,1,24.29,2026-09-26T20:41:35+00:00
2026-09-26T15:43:35-05:00,2026-09-26T20:43:35+00:00,Puente HTTP/REST (sensor de campo -> Central),DC-ACCESO-10,False,1,24.13,2026-09-26T20:43:35+00:00
2026-09-26T15:43:35-05:00,2026-09-26T20:43:35+00:00,Puente HTTP/REST (sensor de campo -> Central),DC-ACCESO-10,False,1,24.11,2026-09-26T20:43:35+00:00
2026-09-26T15:45:35-05:00,2026-09-26T20:45:35+00:00,Puente HTTP/REST (sensor de campo -> Central),DC-ACCESO-10,False,1,24.09,2026-09-26T20:45:35+00:00
2026-09-26T15:45:35-05:00,2026-09-26T20:45:35+00:00,Puente HTTP/REST (sensor de campo -> Central),DC-ACCESO-10,False,1,24.27,2026-09-26T20:45:35+00:00
2026-09-26T15:47:35-05:00,2026-09-26T20:47:35+00:00,Puente HTTP/REST (sensor de campo -> Central),DC-ACCESO-10,False,1,24.12,2026-09-26T20:47:35+00:00
2026-09-26T15:47:36-05:00,2026-09-26T20:47:36+00:00,Puente HTTP/REST (sensor de campo -> Central),DC-ACCESO-10,False,1,23.81,2026-09-26T20:47:35+00:00
2026-09-26T15:49:35-05:00,2026-09-26T20:49:35+00:00,Puente HTTP/REST (sensor de campo -> Central),DC-ACCESO-10,False,1,23.77,2026-09-26T20:49:35+00:00
2026-09-26T15:49:36-05:00,2026-09-26T20:49:36+00:00,Puente HTTP/REST (sensor de campo -> Central),DC-ACCESO-10,False,1,24.15,2026-09-26T20:49:36+00:00
2026-09-26T15:51:35-05:00,2026-09-26T20:51:35+00:00,Puente HTTP/REST (sensor de campo -> Central),DC-ACCESO-10,False,1,24.31,2026-09-26T20:51:35+00:00
2026-09-26T15:51:36-05:00,2026-09-26T20:51:36+00:00,Puente HTTP/REST (sensor de campo -> Central),DC-ACCESO-10,False,1,24.0,2026-09-26T20:51:36+00:00
2026-09-26T15:53:35-05:00,2026-09-26T20:53:35+00:00,Puente HTTP/REST (sensor de campo -> Central),DC-ACCESO-10,False,1,24.14,2026-09-26T20:53:35+00:00
2026-09-26T15:53:36-05:00,2026-09-26T20:53:36+00:00,Puente HTTP/REST (sensor de campo -> Central),DC-ACCESO-10,False,1,24.32,2026-09-26T20:53:36+00:00
2026-09-26T15:55:35-05:00,2026-09-26T20:55:35+00:00,Puente HTTP/REST (sensor de campo -> Central),DC-ACCESO-10,False,1,24.26,2026-09-26T20:55:35+00:00
2026-09-26T15:55:36-05:00,2026-09-26T20:55:36+00:00,Puente HTTP/REST (sensor de campo -> Central),DC-ACCESO-10,False,1,23.74,2026-09-26T20:55:36+00:00
2026-09-26T15:57:35-05:00,2026-09-26T20:57:35+00:00,Puente HTTP/REST (sensor de campo -> Central),DC-ACCESO-10,True,2,24.07,2026-09-26T20:57:35+00:00
2026-09-26T15:57:36-05:00,2026-09-26T20:57:36+00:00,Puente HTTP/REST (sensor de campo -> Central),DC-ACCESO-10,False,1,23.63,2026-09-26T20:57:36+00:00
2026-09-26T15:59:36-05:00,2026-09-26T20:59:36+00:00,Puente HTTP/REST (sensor de campo -> Central),DC-ACCESO-10,False,2,24.27,2026-09-26T20:59:35+00:00
2026-09-26T15:59:36-05:00,2026-09-26T20:59:36+00:00,Puente HTTP/REST (sensor de campo -> Central),DC-ACCESO-10,False,1,24.18,2026-09-26T20:59:36+00:00
2026-09-26T16:01:36-05:00,2026-09-26T21:01:36+00:00,Puente HTTP/REST (sensor de campo -> Central),DC-ACCESO-10,False,2,24.24,2026-09-26T21:01:36+00:00
2026-09-26T16:01:36-05:00,2026-09-26T21:01:36+00:00,Puente HTTP/REST (sensor de campo -> Central),DC-ACCESO-10,False,1,24.14,2026-09-26T21:01:36+00:00
2026-09-26T16:03:36-05:00,2026-09-26T21:03:36+00:00,Puente HTTP/REST (sensor de campo -> Central),DC-ACCESO-10,False,2,24.33,2026-09-26T21:03:36+00:00
2026-09-26T16:03:36-05:00,2026-09-26T21:03:36+00:00,Puente HTTP/REST (sensor de campo -> Central),DC-ACCESO-10,False,1,24.05,2026-09-26T21:03:36+00:00
2026-09-26T16:05:36-05:00,2026-09-26T21:05:36+00:00,Puente HTTP/REST (sensor de campo -> Central),DC-ACCESO-10,True,3,24.24,2026-09-26T21:05:36+00:00
2026-09-26T16:05:37-05:00,2026-09-26T21:05:37+00:00,Puente HTTP/REST (sensor de campo -> Central),DC-ACCESO-10,False,1,23.69,2026-09-26T21:05:36+00:00
2026-09-26T16:07:36-05:00,2026-09-26T21:07:36+00:00,Puente HTTP/REST (sensor de campo -> Central),DC-ACCESO-10,False,3,24.23,2026-09-26T21:07:36+00:00
2026-09-26T16:07:37-05:00,2026-09-26T21:07:37+00:00,Puente HTTP/REST (sensor de campo -> Central),DC-ACCESO-10,False,1,23.88,2026-09-26T21:07:37+00:00
2026-09-26T16:09:36-05:00,2026-09-26T21:09:36+00:00,Puente HTTP/REST (sensor de campo -> Central),DC-ACCESO-10,False,3,23.93,2026-09-26T21:09:36+00:00
2026-09-26T16:09:37-05:00,2026-09-26T21:09:37+00:00,Puente HTTP/REST (sensor de campo -> Central),DC-ACCESO-10,True,2,23.92,2026-09-26T21:09:37+00:00
2026-09-26T16:11:36-05:00,2026-09-26T21:11:36+00:00,Puente HTTP/REST (sensor de campo -> Central),DC-ACCESO-10,False,3,24.11,2026-09-26T21:11:36+00:00
2026-09-26T16:11:37-05:00,2026-09-26T21:11:37+00:00,Puente HTTP/REST (sensor de campo -> Central),DC-ACCESO-10,False,2,23.82,2026-09-26T21:11:37+00:00
2026-09-26T16:13:36-05:00,2026-09-26T21:13:36+00:00,Puente HTTP/REST (sensor de campo -> Central),DC-ACCESO-10,False,3,24.24,2026-09-26T21:13:36+00:00
2026-09-26T16:13:37-05:00,2026-09-26T21:13:37+00:00,Puente HTTP/REST (sensor de campo -> Central),DC-ACCESO-10,False,2,24.27,2026-09-26T21:13:37+00:00
2026-09-26T16:15:36-05:00,2026-09-26T21:15:36+00:00,Puente HTTP/REST (sensor de campo -> Central),DC-ACCESO-10,False,3,23.98,2026-09-26T21:15:36+00:00
2026-09-26T16:15:37-05:00,2026-09-26T21:15:37+00:00,Puente HTTP/REST (sensor de campo -> Central),DC-ACCESO-10,False,2,23.62,2026-09-26T21:15:37+00:00
2026-09-26T16:17:36-05:00,2026-09-26T21:17:36+00:00,Puente HTTP/REST (sensor de campo -> Central),DC-ACCESO-10,False,3,23.54,2026-09-26T21:17:36+00:00
2026-09-26T16:17:37-05:00,2026-09-26T21:17:37+00:00,Puente HTTP/REST (sensor de campo -> Central),DC-ACCESO-10,False,2,24.22,2026-09-26T21:17:37+00:00
2026-09-26T16:19:37-05:00,2026-09-26T21:19:37+00:00,Puente HTTP/REST (sensor de campo -> Central),DC-ACCESO-10,True,4,23.65,2026-09-26T21:19:36+00:00
2026-09-26T16:19:37-05:00,2026-09-26T21:19:37+00:00,Puente HTTP/REST (sensor de campo -> Central),DC-ACCESO-10,False,2,23.9,2026-09-26T21:19:37+00:00
2026-09-26T16:21:37-05:00,2026-09-26T21:21:37+00:00,Puente HTTP/REST (sensor de campo -> Central),DC-ACCESO-10,False,4,23.63,2026-09-26T21:21:37+00:00
2026-09-26T16:21:37-05:00,2026-09-26T21:21:37+00:00,Puente HTTP/REST (sensor de campo -> Central),DC-ACCESO-10,False,2,23.61,2026-09-26T21:21:37+00:00
2026-09-26T16:23:37-05:00,2026-09-26T21:23:37+00:00,Puente HTTP/REST (sensor de campo -> Central),DC-ACCESO-10,False,4,23.9,2026-09-26T21:23:37+00:00
2026-09-26T16:23:37-05:00,2026-09-26T21:23:37+00:00,Puente HTTP/REST (sensor de campo -> Central),DC-ACCESO-10,False,2,23.58,2026-09-26T21:23:37+00:00
2026-09-26T16:25:37-05:00,2026-09-26T21:25:37+00:00,Puente HTTP/REST (sensor de campo -> Central),DC-ACCESO-10,False,4,23.52,2026-09-26T21:25:37+00:00
2026-09-26T16:25:38-05:00,2026-09-26T21:25:38+00:00,Puente HTTP/REST (sensor de campo -> Central),DC-ACCESO-10,False,2,24.25,2026-09-26T21:25:37+00:00
2026-09-26T16:27:37-05:00,2026-09-26T21:27:37+00:00,Puente HTTP/REST (sensor de campo -> Central),DC-ACCESO-10,False,4,23.59,2026-09-26T21:27:37+00:00
2026-09-26T16:27:38-05:00,2026-09-26T21:27:38+00:00,Puente HTTP/REST (sensor de campo -> Central),DC-ACCESO-10,True,3,24.05,2026-09-26T21:27:38+00:00
2026-09-26T16:29:37-05:00,2026-09-26T21:29:37+00:00,Puente HTTP/REST (sensor de campo -> Central),DC-ACCESO-10,False,4,23.59,2026-09-26T21:29:37+00:00
2026-09-26T16:29:38-05:00,2026-09-26T21:29:38+00:00,Puente HTTP/REST (sensor de campo -> Central),DC-ACCESO-10,False,3,23.71,2026-09-26T21:29:38+00:00
2026-09-26T16:31:37-05:00,2026-09-26T21:31:37+00:00,Puente HTTP/REST (sensor de campo -> Central),DC-ACCESO-10,True,5,23.88,2026-09-26T21:31:37+00:00
2026-09-26T16:31:38-05:00,2026-09-26T21:31:38+00:00,Puente HTTP/REST (sensor de campo -> Central),DC-ACCESO-10,True,4,24.12,2026-09-26T21:31:38+00:00
2026-09-26T16:33:37-05:00,2026-09-26T21:33:37+00:00,Puente HTTP/REST (sensor de campo -> Central),DC-ACCESO-10,True,6,23.81,2026-09-26T21:33:37+00:00
2026-09-26T16:33:38-05:00,2026-09-26T21:33:38+00:00,Puente HTTP/REST (sensor de campo -> Central),DC-ACCESO-10,False,4,23.9,2026-09-26T21:33:38+00:00
2026-09-26T16:35:37-05:00,2026-09-26T21:35:37+00:00,Puente HTTP/REST (sensor de campo -> Central),DC-ACCESO-10,False,6,23.85,2026-09-26T21:35:37+00:00
2026-09-26T16:35:38-05:00,2026-09-26T21:35:38+00:00,Puente HTTP/REST (sensor de campo -> Central),DC-ACCESO-10,False,4,23.9,2026-09-26T21:35:38+00:00
2026-09-26T16:37:38-05:00,2026-09-26T21:37:38+00:00,Puente HTTP/REST (sensor de campo -> Central),DC-ACCESO-10,False,6,23.49,2026-09-26T21:37:37+00:00
2026-09-26T16:37:38-05:00,2026-09-26T21:37:38+00:00,Puente HTTP/REST (sensor de campo -> Central),DC-ACCESO-10,False,4,23.5,2026-09-26T21:37:38+00:00
2026-09-26T16:39:38-05:00,2026-09-26T21:39:38+00:00,Puente HTTP/REST (sensor de campo -> Central),DC-ACCESO-10,False,6,24.13,2026-09-26T21:39:38+00:00
2026-09-26T16:39:38-05:00,2026-09-26T21:39:38+00:00,Puente HTTP/REST (sensor de campo -> Central),DC-ACCESO-10,False,4,23.53,2026-09-26T21:39:38+00:00
2026-09-26T16:41:38-05:00,2026-09-26T21:41:38+00:00,Puente HTTP/REST (sensor de campo -> Central),DC-ACCESO-10,True,7,23.81,2026-09-26T21:41:38+00:00
2026-09-26T16:41:38-05:00,2026-09-26T21:41:38+00:00,Puente HTTP/REST (sensor de campo -> Central),DC-ACCESO-10,True,5,23.75,2026-09-26T21:41:38+00:00
2026-09-26T16:43:38-05:00,2026-09-26T21:43:38+00:00,Puente HTTP/REST (sensor de campo -> Central),DC-ACCESO-10,True,8,23.63,2026-09-26T21:43:38+00:00
2026-09-26T16:43:39-05:00,2026-09-26T21:43:39+00:00,Puente HTTP/REST (sensor de campo -> Central),DC-ACCESO-10,False,5,24.02,2026-09-26T21:43:38+00:00
2026-09-26T16:45:38-05:00,2026-09-26T21:45:38+00:00,Puente HTTP/REST (sensor de campo -> Central),DC-ACCESO-10,False,8,23.7,2026-09-26T21:45:38+00:00
2026-09-26T16:45:39-05:00,2026-09-26T21:45:39+00:00,Puente HTTP/REST (sensor de campo -> Central),DC-ACCESO-10,False,5,23.56,2026-09-26T21:45:39+00:00
2026-09-26T16:47:38-05:00,2026-09-26T21:47:38+00:00,Puente HTTP/REST (sensor de campo -> Central),DC-ACCESO-10,False,8,23.68,2026-09-26T21:47:38+00:00
2026-09-26T16:47:39-05:00,2026-09-26T21:47:39+00:00,Puente HTTP/REST (sensor de campo -> Central),DC-ACCESO-10,False,5,23.93,2026-09-26T21:47:39+00:00
2026-09-26T16:49:38-05:00,2026-09-26T21:49:38+00:00,Puente HTTP/REST (sensor de campo -> Central),DC-ACCESO-10,False,8,23.49,2026-09-26T21:49:38+00:00
2026-09-26T16:49:39-05:00,2026-09-26T21:49:39+00:00,Puente HTTP/REST (sensor de campo -> Central),DC-ACCESO-10,False,5,23.84,2026-09-26T21:49:39+00:00
2026-09-26T16:51:38-05:00,2026-09-26T21:51:38+00:00,Puente HTTP/REST (sensor de campo -> Central),DC-ACCESO-10,False,8,23.75,2026-09-26T21:51:38+00:00
2026-09-26T16:51:39-05:00,2026-09-26T21:51:39+00:00,Puente HTTP/REST (sensor de campo -> Central),DC-ACCESO-10,False,5,23.46,2026-09-26T21:51:39+00:00
2026-09-26T16:53:38-05:00,2026-09-26T21:53:38+00:00,Puente HTTP/REST (sensor de campo -> Central),DC-ACCESO-10,False,8,24.12,2026-09-26T21:53:38+00:00
2026-09-26T16:53:39-05:00,2026-09-26T21:53:39+00:00,Puente HTTP/REST (sensor de campo -> Central),DC-ACCESO-10,False,5,23.44,2026-09-26T21:53:39+00:00
2026-09-26T16:55:39-05:00,2026-09-26T21:55:39+00:00,Puente HTTP/REST (sensor de campo -> Central),DC-ACCESO-10,False,8,23.67,2026-09-26T21:55:38+00:00
2026-09-26T16:55:39-05:00,2026-09-26T21:55:39+00:00,Puente HTTP/REST (sensor de campo -> Central),DC-ACCESO-10,False,5,23.88,2026-09-26T21:55:39+00:00
2026-09-26T16:57:39-05:00,2026-09-26T21:57:39+00:00,Puente HTTP/REST (sensor de campo -> Central),DC-ACCESO-10,False,8,23.96,2026-09-26T21:57:39+00:00
2026-09-26T16:57:39-05:00,2026-09-26T21:57:39+00:00,Puente HTTP/REST (sensor de campo -> Central),DC-ACCESO-10,False,5,23.84,2026-09-26T21:57:39+00:00
2026-09-26T16:59:39-05:00,2026-09-26T21:59:39+00:00,Puente HTTP/REST (sensor de campo -> Central),DC-ACCESO-10,False,8,23.94,2026-09-26T21:59:39+00:00
2026-09-26T16:59:39-05:00,2026-09-26T21:59:39+00:00,Puente HTTP/REST (sensor de campo -> Central),DC-ACCESO-10,False,5,23.71,2026-09-26T21:59:39+00:00
2026-09-26T17:01:39-05:00,2026-09-26T22:01:39+00:00,Puente HTTP/REST (sensor de campo -> Central),DC-ACCESO-10,False,8,23.5,2026-09-26T22:01:39+00:00
2026-09-26T17:01:40-05:00,2026-09-26T22:01:40+00:00,Puente HTTP/REST (sensor de campo -> Central),DC-ACCESO-10,False,5,23.9,2026-09-26T22:01:39+00:00
2026-09-26T17:03:39-05:00,2026-09-26T22:03:39+00:00,Puente HTTP/REST (sensor de campo -> Central),DC-ACCESO-10,False,8,23.88,2026-09-26T22:03:39+00:00
2026-09-26T17:03:40-05:00,2026-09-26T22:03:40+00:00,Puente HTTP/REST (sensor de campo -> Central),DC-ACCESO-10,False,5,23.85,2026-09-26T22:03:40+00:00
2026-09-26T17:05:39-05:00,2026-09-26T22:05:39+00:00,Puente HTTP/REST (sensor de campo -> Central),DC-ACCESO-10,False,8,23.48,2026-09-26T22:05:39+00:00
2026-09-26T17:05:40-05:00,2026-09-26T22:05:40+00:00,Puente HTTP/REST (sensor de campo -> Central),DC-ACCESO-10,False,5,23.6,2026-09-26T22:05:40+00:00
2026-09-26T17:07:39-05:00,2026-09-26T22:07:39+00:00,Puente HTTP/REST (sensor de campo -> Central),DC-ACCESO-10,False,8,23.84,2026-09-26T22:07:39+00:00
2026-09-26T17:07:40-05:00,2026-09-26T22:07:40+00:00,Puente HTTP/REST (sensor de campo -> Central),DC-ACCESO-10,False,5,23.84,2026-09-26T22:07:40+00:00
2026-09-26T17:09:39-05:00,2026-09-26T22:09:39+00:00,Puente HTTP/REST (sensor de campo -> Central),DC-ACCESO-10,False,8,23.58,2026-09-26T22:09:39+00:00
2026-09-26T17:09:40-05:00,2026-09-26T22:09:40+00:00,Puente HTTP/REST (sensor de campo -> Central),DC-ACCESO-10,False,5,23.72,2026-09-26T22:09:40+00:00
2026-09-26T17:11:39-05:00,2026-09-26T22:11:39+00:00,Puente HTTP/REST (sensor de campo -> Central),DC-ACCESO-10,False,8,23.67,2026-09-26T22:11:39+00:00
2026-09-26T17:11:40-05:00,2026-09-26T22:11:40+00:00,Puente HTTP/REST (sensor de campo -> Central),DC-ACCESO-10,False,5,24.07,2026-09-26T22:11:40+00:00
2026-09-26T17:13:39-05:00,2026-09-26T22:13:39+00:00,Puente HTTP/REST (sensor de campo -> Central),DC-ACCESO-10,True,9,23.68,2026-09-26T22:13:39+00:00
2026-09-26T17:13:40-05:00,2026-09-26T22:13:40+00:00,Puente HTTP/REST (sensor de campo -> Central),DC-ACCESO-10,False,5,23.99,2026-09-26T22:13:40+00:00
2026-09-26T17:15:40-05:00,2026-09-26T22:15:40+00:00,Puente HTTP/REST (sensor de campo -> Central),DC-ACCESO-10,False,9,23.58,2026-09-26T22:15:39+00:00
2026-09-26T17:15:40-05:00,2026-09-26T22:15:40+00:00,Puente HTTP/REST (sensor de campo -> Central),DC-ACCESO-10,False,5,23.38,2026-09-26T22:15:40+00:00
2026-09-26T17:17:40-05:00,2026-09-26T22:17:40+00:00,Puente HTTP/REST (sensor de campo -> Central),DC-ACCESO-10,False,9,23.55,2026-09-26T22:17:40+00:00
2026-09-26T17:17:40-05:00,2026-09-26T22:17:40+00:00,Puente HTTP/REST (sensor de campo -> Central),DC-ACCESO-10,False,5,23.86,2026-09-26T22:17:40+00:00
2026-09-26T17:19:40-05:00,2026-09-26T22:19:40+00:00,Puente HTTP/REST (sensor de campo -> Central),DC-ACCESO-10,False,9,23.66,2026-09-26T22:19:40+00:00
2026-09-26T17:19:40-05:00,2026-09-26T22:19:40+00:00,Puente HTTP/REST (sensor de campo -> Central),DC-ACCESO-10,False,5,23.51,2026-09-26T22:19:40+00:00
2026-09-26T17:21:40-05:00,2026-09-26T22:21:40+00:00,Puente HTTP/REST (sensor de campo -> Central),DC-ACCESO-10,False,9,23.65,2026-09-26T22:21:40+00:00
2026-09-26T17:21:41-05:00,2026-09-26T22:21:41+00:00,Puente HTTP/REST (sensor de campo -> Central),DC-ACCESO-10,False,5,23.86,2026-09-26T22:21:40+00:00
2026-09-26T17:23:40-05:00,2026-09-26T22:23:40+00:00,Puente HTTP/REST (sensor de campo -> Central),DC-ACCESO-10,False,9,23.97,2026-09-26T22:23:40+00:00
2026-09-26T17:23:41-05:00,2026-09-26T22:23:41+00:00,Puente HTTP/REST (sensor de campo -> Central),DC-ACCESO-10,False,5,23.42,2026-09-26T22:23:41+00:00
2026-09-26T17:25:40-05:00,2026-09-26T22:25:40+00:00,Puente HTTP/REST (sensor de campo -> Central),DC-ACCESO-10,False,9,24.01,2026-09-26T22:25:40+00:00
2026-09-26T17:25:41-05:00,2026-09-26T22:25:41+00:00,Puente HTTP/REST (sensor de campo -> Central),DC-ACCESO-10,False,5,23.45,2026-09-26T22:25:41+00:00
2026-09-26T17:27:40-05:00,2026-09-26T22:27:40+00:00,Puente HTTP/REST (sensor de campo -> Central),DC-ACCESO-10,False,9,23.5,2026-09-26T22:27:40+00:00
2026-09-26T17:27:41-05:00,2026-09-26T22:27:41+00:00,Puente HTTP/REST (sensor de campo -> Central),DC-ACCESO-10,False,5,23.93,2026-09-26T22:27:41+00:00
2026-09-26T17:29:40-05:00,2026-09-26T22:29:40+00:00,Puente HTTP/REST (sensor de campo -> Central),DC-ACCESO-10,False,9,23.8,2026-09-26T22:29:40+00:00
2026-09-26T17:29:41-05:00,2026-09-26T22:29:41+00:00,Puente HTTP/REST (sensor de campo -> Central),DC-ACCESO-10,False,5,24.03,2026-09-26T22:29:41+00:00
2026-09-26T17:31:40-05:00,2026-09-26T22:31:40+00:00,Puente HTTP/REST (sensor de campo -> Central),DC-ACCESO-10,False,9,23.53,2026-09-26T22:31:40+00:00
2026-09-26T17:31:41-05:00,2026-09-26T22:31:41+00:00,Puente HTTP/REST (sensor de campo -> Central),DC-ACCESO-10,False,5,23.37,2026-09-26T22:31:41+00:00
2026-09-26T17:33:41-05:00,2026-09-26T22:33:41+00:00,Puente HTTP/REST (sensor de campo -> Central),DC-ACCESO-10,False,9,23.62,2026-09-26T22:33:40+00:00
2026-09-26T17:33:41-05:00,2026-09-26T22:33:41+00:00,Puente HTTP/REST (sensor de campo -> Central),DC-ACCESO-10,True,6,24.05,2026-09-26T22:33:41+00:00
2026-09-26T17:35:41-05:00,2026-09-26T22:35:41+00:00,Puente HTTP/REST (sensor de campo -> Central),DC-ACCESO-10,False,9,23.94,2026-09-26T22:35:41+00:00
2026-09-26T17:35:41-05:00,2026-09-26T22:35:41+00:00,Puente HTTP/REST (sensor de campo -> Central),DC-ACCESO-10,False,6,23.65,2026-09-26T22:35:41+00:00
2026-09-26T17:37:41-05:00,2026-09-26T22:37:41+00:00,Puente HTTP/REST (sensor de campo -> Central),DC-ACCESO-10,False,9,23.46,2026-09-26T22:37:41+00:00
2026-09-26T17:37:41-05:00,2026-09-26T22:37:41+00:00,Puente HTTP/REST (sensor de campo -> Central),DC-ACCESO-10,False,6,23.43,2026-09-26T22:37:41+00:00
2026-09-26T17:39:41-05:00,2026-09-26T22:39:41+00:00,Puente HTTP/REST (sensor de campo -> Central),DC-ACCESO-10,False,9,23.66,2026-09-26T22:39:41+00:00
2026-09-26T17:39:42-05:00,2026-09-26T22:39:42+00:00,Puente HTTP/REST (sensor de campo -> Central),DC-ACCESO-10,False,6,23.28,2026-09-26T22:39:41+00:00
2026-09-26T17:41:41-05:00,2026-09-26T22:41:41+00:00,Puente HTTP/REST (sensor de campo -> Central),DC-ACCESO-10,False,9,23.86,2026-09-26T22:41:41+00:00
2026-09-26T17:41:42-05:00,2026-09-26T22:41:42+00:00,Puente HTTP/REST (sensor de campo -> Central),DC-ACCESO-10,False,6,23.79,2026-09-26T22:41:42+00:00
2026-09-26T17:43:41-05:00,2026-09-26T22:43:41+00:00,Puente HTTP/REST (sensor de campo -> Central),DC-ACCESO-10,False,9,23.66,2026-09-26T22:43:41+00:00
2026-09-26T17:43:42-05:00,2026-09-26T22:43:42+00:00,Puente HTTP/REST (sensor de campo -> Central),DC-ACCESO-10,False,6,23.48,2026-09-26T22:43:42+00:00
2026-09-26T17:45:41-05:00,2026-09-26T22:45:41+00:00,Puente HTTP/REST (sensor de campo -> Central),DC-ACCESO-10,False,9,23.53,2026-09-26T22:45:41+00:00
2026-09-26T17:45:42-05:00,2026-09-26T22:45:42+00:00,Puente HTTP/REST (sensor de campo -> Central),DC-ACCESO-10,False,6,23.6,2026-09-26T22:45:42+00:00
2026-09-26T17:47:41-05:00,2026-09-26T22:47:41+00:00,Puente HTTP/REST (sensor de campo -> Central),DC-ACCESO-10,False,9,23.48,2026-09-26T22:47:41+00:00
2026-09-26T17:47:42-05:00,2026-09-26T22:47:42+00:00,Puente HTTP/REST (sensor de campo -> Central),DC-ACCESO-10,True,7,23.3,2026-09-26T22:47:42+00:00
2026-09-26T17:49:41-05:00,2026-09-26T22:49:41+00:00,Puente HTTP/REST (sensor de campo -> Central),DC-ACCESO-10,False,9,23.42,2026-09-26T22:49:41+00:00
2026-09-26T17:49:42-05:00,2026-09-26T22:49:42+00:00,Puente HTTP/REST (sensor de campo -> Central),DC-ACCESO-10,False,7,23.33,2026-09-26T22:49:42+00:00
2026-09-26T17:51:42-05:00,2026-09-26T22:51:42+00:00,Puente HTTP/REST (sensor de campo -> Central),DC-ACCESO-10,False,9,23.79,2026-09-26T22:51:41+00:00
2026-09-26T17:51:42-05:00,2026-09-26T22:51:42+00:00,Puente HTTP/REST (sensor de campo -> Central),DC-ACCESO-10,False,7,23.54,2026-09-26T22:51:42+00:00
2026-09-26T17:53:42-05:00,2026-09-26T22:53:42+00:00,Puente HTTP/REST (sensor de campo -> Central),DC-ACCESO-10,False,9,23.52,2026-09-26T22:53:42+00:00
2026-09-26T17:53:42-05:00,2026-09-26T22:53:42+00:00,Puente HTTP/REST (sensor de campo -> Central),DC-ACCESO-10,True,8,23.2,2026-09-26T22:53:42+00:00
2026-09-26T17:55:42-05:00,2026-09-26T22:55:42+00:00,Puente HTTP/REST (sensor de campo -> Central),DC-ACCESO-10,False,9,23.62,2026-09-26T22:55:42+00:00
2026-09-26T17:55:42-05:00,2026-09-26T22:55:42+00:00,Puente HTTP/REST (sensor de campo -> Central),DC-ACCESO-10,False,8,23.66,2026-09-26T22:55:42+00:00
2026-09-26T17:57:42-05:00,2026-09-26T22:57:42+00:00,Puente HTTP/REST (sensor de campo -> Central),DC-ACCESO-10,False,9,23.59,2026-09-26T22:57:42+00:00
2026-09-26T17:57:43-05:00,2026-09-26T22:57:43+00:00,Puente HTTP/REST (sensor de campo -> Central),DC-ACCESO-10,False,8,23.63,2026-09-26T22:57:42+00:00
2026-09-26T17:59:42-05:00,2026-09-26T22:59:42+00:00,Puente HTTP/REST (sensor de campo -> Central),DC-ACCESO-10,True,10,23.4,2026-09-26T22:59:42+00:00
2026-09-26T17:59:43-05:00,2026-09-26T22:59:43+00:00,Puente HTTP/REST (sensor de campo -> Central),DC-ACCESO-10,False,8,23.17,2026-09-26T22:59:43+00:00
2026-09-26T18:01:42-05:00,2026-09-26T23:01:42+00:00,Puente HTTP/REST (sensor de campo -> Central),DC-ACCESO-10,True,11,23.54,2026-09-26T23:01:42+00:00
2026-09-26T18:01:43-05:00,2026-09-26T23:01:43+00:00,Puente HTTP/REST (sensor de campo -> Central),DC-ACCESO-10,True,9,23.33,2026-09-26T23:01:43+00:00
2026-09-26T18:03:42-05:00,2026-09-26T23:03:42+00:00,Puente HTTP/REST (sensor de campo -> Central),DC-ACCESO-10,False,11,23.87,2026-09-26T23:03:42+00:00
2026-09-26T18:03:43-05:00,2026-09-26T23:03:43+00:00,Puente HTTP/REST (sensor de campo -> Central),DC-ACCESO-10,True,10,23.67,2026-09-26T23:03:43+00:00
2026-09-26T18:05:42-05:00,2026-09-26T23:05:42+00:00,Puente HTTP/REST (sensor de campo -> Central),DC-ACCESO-10,False,11,23.35,2026-09-26T23:05:42+00:00
2026-09-26T18:05:43-05:00,2026-09-26T23:05:43+00:00,Puente HTTP/REST (sensor de campo -> Central),DC-ACCESO-10,True,11,23.51,2026-09-26T23:05:43+00:00
2026-09-26T18:07:42-05:00,2026-09-26T23:07:42+00:00,Puente HTTP/REST (sensor de campo -> Central),DC-ACCESO-10,False,11,23.35,2026-09-26T23:07:42+00:00
2026-09-26T18:07:43-05:00,2026-09-26T23:07:43+00:00,Puente HTTP/REST (sensor de campo -> Central),DC-ACCESO-10,True,12,23.36,2026-09-26T23:07:43+00:00
2026-09-27T10:28:25-05:00,2026-09-27T15:28:25+00:00,Puente HTTP/REST (sensor de campo -> Central),DC-ACCESO-10,True,1,23.17,2026-09-27T15:28:25+00:00
2026-09-27T10:30:25-05:00,2026-09-27T15:30:25+00:00,Puente HTTP/REST (sensor de campo -> Central),DC-ACCESO-10,False,0,23.19,2026-09-27T15:30:25+00:00
2026-09-27T10:30:26-05:00,2026-09-27T15:30:26+00:00,Puente HTTP/REST (sensor de campo -> Central),DC-ACCESO-10,False,1,23.09,2026-09-27T15:30:25+00:00
2026-09-27T10:32:25-05:00,2026-09-27T15:32:25+00:00,Puente HTTP/REST (sensor de campo -> Central),DC-ACCESO-10,False,0,23.41,2026-09-27T15:32:25+00:00
2026-09-27T10:32:26-05:00,2026-09-27T15:32:26+00:00,Puente HTTP/REST (sensor de campo -> Central),DC-ACCESO-10,False,1,23.22,2026-09-27T15:32:26+00:00
2026-09-27T10:34:25-05:00,2026-09-27T15:34:25+00:00,Puente HTTP/REST (sensor de campo -> Central),DC-ACCESO-10,False,0,23.2,2026-09-27T15:34:25+00:00
2026-09-27T10:34:26-05:00,2026-09-27T15:34:26+00:00,Puente HTTP/REST (sensor de campo -> Central),DC-ACCESO-10,False,1,23.16,2026-09-27T15:34:26+00:00
2026-09-27T10:36:25-05:00,2026-09-27T15:36:25+00:00,Puente HTTP/REST (sensor de campo -> Central),DC-ACCESO-10,False,0,23.32,2026-09-27T15:36:25+00:00
2026-09-27T10:36:26-05:00,2026-09-27T15:36:26+00:00,Puente HTTP/REST (sensor de campo -> Central),DC-ACCESO-10,False,1,22.79,2026-09-27T15:36:26+00:00
2026-09-27T10:38:25-05:00,2026-09-27T15:38:25+00:00,Puente HTTP/REST (sensor de campo -> Central),DC-ACCESO-10,False,0,23.38,2026-09-27T15:38:25+00:00
2026-09-27T10:38:26-05:00,2026-09-27T15:38:26+00:00,Puente HTTP/REST (sensor de campo -> Central),DC-ACCESO-10,False,1,23.35,2026-09-27T15:38:26+00:00
2026-09-27T10:40:25-05:00,2026-09-27T15:40:25+00:00,Puente HTTP/REST (sensor de campo -> Central),DC-ACCESO-10,False,0,22.91,2026-09-27T15:40:25+00:00
2026-09-27T10:40:26-05:00,2026-09-27T15:40:26+00:00,Puente HTTP/REST (sensor de campo -> Central),DC-ACCESO-10,False,1,22.94,2026-09-27T15:40:26+00:00
2026-09-27T10:42:26-05:00,2026-09-27T15:42:26+00:00,Puente HTTP/REST (sensor de campo -> Central),DC-ACCESO-10,True,1,23.12,2026-09-27T15:42:25+00:00
2026-09-27T10:42:26-05:00,2026-09-27T15:42:26+00:00,Puente HTTP/REST (sensor de campo -> Central),DC-ACCESO-10,True,2,22.74,2026-09-27T15:42:26+00:00
2026-09-27T10:44:26-05:00,2026-09-27T15:44:26+00:00,Puente HTTP/REST (sensor de campo -> Central),DC-ACCESO-10,False,1,23.06,2026-09-27T15:44:26+00:00
2026-09-27T10:44:26-05:00,2026-09-27T15:44:26+00:00,Puente HTTP/REST (sensor de campo -> Central),DC-ACCESO-10,False,2,23.1,2026-09-27T15:44:26+00:00
2026-09-27T10:46:26-05:00,2026-09-27T15:46:26+00:00,Puente HTTP/REST (sensor de campo -> Central),DC-ACCESO-10,False,1,22.74,2026-09-27T15:46:26+00:00
2026-09-27T10:46:26-05:00,2026-09-27T15:46:26+00:00,Puente HTTP/REST (sensor de campo -> Central),DC-ACCESO-10,False,2,23.26,2026-09-27T15:46:26+00:00
2026-09-27T10:48:26-05:00,2026-09-27T15:48:26+00:00,Puente HTTP/REST (sensor de campo -> Central),DC-ACCESO-10,False,1,23.27,2026-09-27T15:48:26+00:00
2026-09-27T10:48:27-05:00,2026-09-27T15:48:27+00:00,Puente HTTP/REST (sensor de campo -> Central),DC-ACCESO-10,False,2,22.9,2026-09-27T15:48:26+00:00
2026-09-27T10:50:26-05:00,2026-09-27T15:50:26+00:00,Puente HTTP/REST (sensor de campo -> Central),DC-ACCESO-10,False,1,22.9,2026-09-27T15:50:26+00:00
2026-09-27T10:50:27-05:00,2026-09-27T15:50:27+00:00,Puente HTTP/REST (sensor de campo -> Central),DC-ACCESO-10,False,2,23.12,2026-09-27T15:50:27+00:00
2026-09-27T10:52:26-05:00,2026-09-27T15:52:26+00:00,Puente HTTP/REST (sensor de campo -> Central),DC-ACCESO-10,False,1,23.44,2026-09-27T15:52:26+00:00
2026-09-27T10:52:27-05:00,2026-09-27T15:52:27+00:00,Puente HTTP/REST (sensor de campo -> Central),DC-ACCESO-10,False,2,23.51,2026-09-27T15:52:27+00:00
2026-09-27T10:54:26-05:00,2026-09-27T15:54:26+00:00,Puente HTTP/REST (sensor de campo -> Central),DC-ACCESO-10,False,1,23.15,2026-09-27T15:54:26+00:00
2026-09-27T10:54:27-05:00,2026-09-27T15:54:27+00:00,Puente HTTP/REST (sensor de campo -> Central),DC-ACCESO-10,False,2,23.2,2026-09-27T15:54:27+00:00
2026-09-27T10:56:26-05:00,2026-09-27T15:56:26+00:00,Puente HTTP/REST (sensor de campo -> Central),DC-ACCESO-10,False,1,23.46,2026-09-27T15:56:26+00:00
2026-09-27T10:56:27-05:00,2026-09-27T15:56:27+00:00,Puente HTTP/REST (sensor de campo -> Central),DC-ACCESO-10,False,2,23.57,2026-09-27T15:56:27+00:00
2026-09-27T10:58:26-05:00,2026-09-27T15:58:26+00:00,Puente HTTP/REST (sensor de campo -> Central),DC-ACCESO-10,False,1,23.56,2026-09-27T15:58:26+00:00
2026-09-27T10:58:27-05:00,2026-09-27T15:58:27+00:00,Puente HTTP/REST (sensor de campo -> Central),DC-ACCESO-10,False,2,22.84,2026-09-27T15:58:27+00:00
2026-09-27T11:00:27-05:00,2026-09-27T16:00:27+00:00,Puente HTTP/REST (sensor de campo -> Central),DC-ACCESO-10,False,1,22.98,2026-09-27T16:00:26+00:00
2026-09-27T11:00:27-05:00,2026-09-27T16:00:27+00:00,Puente HTTP/REST (sensor de campo -> Central),DC-ACCESO-10,False,2,23.04,2026-09-27T16:00:27+00:00
2026-09-27T11:02:27-05:00,2026-09-27T16:02:27+00:00,Puente HTTP/REST (sensor de campo -> Central),DC-ACCESO-10,True,2,23.61,2026-09-27T16:02:27+00:00
2026-09-27T11:02:27-05:00,2026-09-27T16:02:27+00:00,Puente HTTP/REST (sensor de campo -> Central),DC-ACCESO-10,False,2,22.93,2026-09-27T16:02:27+00:00
2026-09-27T11:04:27-05:00,2026-09-27T16:04:27+00:00,Puente HTTP/REST (sensor de campo -> Central),DC-ACCESO-10,False,2,23.32,2026-09-27T16:04:27+00:00
2026-09-27T11:04:27-05:00,2026-09-27T16:04:27+00:00,Puente HTTP/REST (sensor de campo -> Central),DC-ACCESO-10,False,2,22.87,2026-09-27T16:04:27+00:00
2026-09-27T11:06:27-05:00,2026-09-27T16:06:27+00:00,Puente HTTP/REST (sensor de campo -> Central),DC-ACCESO-10,False,2,23.4,2026-09-27T16:06:27+00:00
2026-09-27T11:06:28-05:00,2026-09-27T16:06:28+00:00,Puente HTTP/REST (sensor de campo -> Central),DC-ACCESO-10,False,2,23.08,2026-09-27T16:06:27+00:00
2026-09-27T11:08:27-05:00,2026-09-27T16:08:27+00:00,Puente HTTP/REST (sensor de campo -> Central),DC-ACCESO-10,False,2,23.55,2026-09-27T16:08:27+00:00
2026-09-27T11:08:28-05:00,2026-09-27T16:08:28+00:00,Puente HTTP/REST (sensor de campo -> Central),DC-ACCESO-10,False,2,23.2,2026-09-27T16:08:28+00:00
2026-09-27T11:10:27-05:00,2026-09-27T16:10:27+00:00,Puente HTTP/REST (sensor de campo -> Central),DC-ACCESO-10,False,2,23.44,2026-09-27T16:10:27+00:00
2026-09-27T11:10:28-05:00,2026-09-27T16:10:28+00:00,Puente HTTP/REST (sensor de campo -> Central),DC-ACCESO-10,False,2,23.12,2026-09-27T16:10:28+00:00
2026-09-27T11:12:27-05:00,2026-09-27T16:12:27+00:00,Puente HTTP/REST (sensor de campo -> Central),DC-ACCESO-10,False,2,23.6,2026-09-27T16:12:27+00:00
2026-09-27T11:12:28-05:00,2026-09-27T16:12:28+00:00,Puente HTTP/REST (sensor de campo -> Central),DC-ACCESO-10,True,3,23.3,2026-09-27T16:12:28+00:00
2026-09-27T11:14:27-05:00,2026-09-27T16:14:27+00:00,Puente HTTP/REST (sensor de campo -> Central),DC-ACCESO-10,False,2,23.44,2026-09-27T16:14:27+00:00
2026-09-27T11:14:28-05:00,2026-09-27T16:14:28+00:00,Puente HTTP/REST (sensor de campo -> Central),DC-ACCESO-10,False,3,23.1,2026-09-27T16:14:28+00:00
2026-09-27T11:16:27-05:00,2026-09-27T16:16:27+00:00,Puente HTTP/REST (sensor de campo -> Central),DC-ACCESO-10,False,2,23.02,2026-09-27T16:16:27+00:00
2026-09-27T11:16:28-05:00,2026-09-27T16:16:28+00:00,Puente HTTP/REST (sensor de campo -> Central),DC-ACCESO-10,False,3,23.37,2026-09-27T16:16:28+00:00
2026-09-27T11:18:33-05:00,2026-09-27T16:18:33+00:00,Puente HTTP/REST (sensor de campo -> Central),DC-ACCESO-10,False,2,23.0,2026-09-27T16:18:27+00:00
2026-09-27T11:18:33-05:00,2026-09-27T16:18:33+00:00,Puente HTTP/REST (sensor de campo -> Central),DC-ACCESO-10,False,3,22.94,2026-09-27T16:18:28+00:00
2026-09-27T11:20:33-05:00,2026-09-27T16:20:33+00:00,Puente HTTP/REST (sensor de campo -> Central),DC-ACCESO-10,False,2,23.51,2026-09-27T16:20:33+00:00
2026-09-27T11:20:33-05:00,2026-09-27T16:20:33+00:00,Puente HTTP/REST (sensor de campo -> Central),DC-ACCESO-10,False,3,23.62,2026-09-27T16:20:33+00:00
2026-09-27T11:22:33-05:00,2026-09-27T16:22:33+00:00,Puente HTTP/REST (sensor de campo -> Central),DC-ACCESO-10,False,2,23.3,2026-09-27T16:22:33+00:00
2026-09-27T11:22:33-05:00,2026-09-27T16:22:33+00:00,Puente HTTP/REST (sensor de campo -> Central),DC-ACCESO-10,False,3,23.3,2026-09-27T16:22:33+00:00
2026-09-27T11:24:33-05:00,2026-09-27T16:24:33+00:00,Puente HTTP/REST (sensor de campo -> Central),DC-ACCESO-10,False,2,23.2,2026-09-27T16:24:33+00:00
2026-09-27T11:24:33-05:00,2026-09-27T16:24:33+00:00,Puente HTTP/REST (sensor de campo -> Central),DC-ACCESO-10,False,3,22.96,2026-09-27T16:24:33+00:00
2026-09-27T11:26:33-05:00,2026-09-27T16:26:33+00:00,Puente HTTP/REST (sensor de campo -> Central),DC-ACCESO-10,False,2,23.39,2026-09-27T16:26:33+00:00
2026-09-27T11:26:33-05:00,2026-09-27T16:26:33+00:00,Puente HTTP/REST (sensor de campo -> Central),DC-ACCESO-10,False,3,23.43,2026-09-27T16:26:33+00:00
2026-09-27T11:28:33-05:00,2026-09-27T16:28:33+00:00,Puente HTTP/REST (sensor de campo -> Central),DC-ACCESO-10,False,2,23.46,2026-09-27T16:28:33+00:00
2026-09-27T11:28:33-05:00,2026-09-27T16:28:33+00:00,Puente HTTP/REST (sensor de campo -> Central),DC-ACCESO-10,False,3,23.65,2026-09-27T16:28:33+00:00
2026-09-27T11:30:33-05:00,2026-09-27T16:30:33+00:00,Puente HTTP/REST (sensor de campo -> Central),DC-ACCESO-10,False,2,23.58,2026-09-27T16:30:33+00:00
2026-09-27T11:30:33-05:00,2026-09-27T16:30:33+00:00,Puente HTTP/REST (sensor de campo -> Central),DC-ACCESO-10,False,3,23.56,2026-09-27T16:30:33+00:00
2026-09-27T11:32:33-05:00,2026-09-27T16:32:33+00:00,Puente HTTP/REST (sensor de campo -> Central),DC-ACCESO-10,False,2,23.47,2026-09-27T16:32:33+00:00
2026-09-27T11:32:34-05:00,2026-09-27T16:32:34+00:00,Puente HTTP/REST (sensor de campo -> Central),DC-ACCESO-10,False,3,23.36,2026-09-27T16:32:33+00:00
2026-09-27T11:34:34-05:00,2026-09-27T16:34:34+00:00,Puente HTTP/REST (sensor de campo -> Central),DC-ACCESO-10,False,2,23.21,2026-09-27T16:34:33+00:00
2026-09-27T11:34:34-05:00,2026-09-27T16:34:34+00:00,Puente HTTP/REST (sensor de campo -> Central),DC-ACCESO-10,False,3,23.06,2026-09-27T16:34:34+00:00
2026-09-27T11:36:34-05:00,2026-09-27T16:36:34+00:00,Puente HTTP/REST (sensor de campo -> Central),DC-ACCESO-10,False,2,23.06,2026-09-27T16:36:34+00:00
2026-09-27T11:36:34-05:00,2026-09-27T16:36:34+00:00,Puente HTTP/REST (sensor de campo -> Central),DC-ACCESO-10,True,4,23.68,2026-09-27T16:36:34+00:00
2026-09-27T11:38:34-05:00,2026-09-27T16:38:34+00:00,Puente HTTP/REST (sensor de campo -> Central),DC-ACCESO-10,False,2,23.13,2026-09-27T16:38:34+00:00
2026-09-27T11:38:34-05:00,2026-09-27T16:38:34+00:00,Puente HTTP/REST (sensor de campo -> Central),DC-ACCESO-10,False,4,23.09,2026-09-27T16:38:34+00:00
2026-09-27T11:40:34-05:00,2026-09-27T16:40:34+00:00,Puente HTTP/REST (sensor de campo -> Central),DC-ACCESO-10,True,3,23.75,2026-09-27T16:40:34+00:00
2026-09-27T11:40:34-05:00,2026-09-27T16:40:34+00:00,Puente HTTP/REST (sensor de campo -> Central),DC-ACCESO-10,False,4,23.81,2026-09-27T16:40:34+00:00
2026-09-27T11:42:34-05:00,2026-09-27T16:42:34+00:00,Puente HTTP/REST (sensor de campo -> Central),DC-ACCESO-10,False,3,23.48,2026-09-27T16:42:34+00:00
2026-09-27T11:42:34-05:00,2026-09-27T16:42:34+00:00,Puente HTTP/REST (sensor de campo -> Central),DC-ACCESO-10,False,4,23.77,2026-09-27T16:42:34+00:00
2026-09-27T11:44:34-05:00,2026-09-27T16:44:34+00:00,Puente HTTP/REST (sensor de campo -> Central),DC-ACCESO-10,False,3,23.85,2026-09-27T16:44:34+00:00
2026-09-27T11:44:34-05:00,2026-09-27T16:44:34+00:00,Puente HTTP/REST (sensor de campo -> Central),DC-ACCESO-10,False,4,23.15,2026-09-27T16:44:34+00:00
2026-09-27T11:46:34-05:00,2026-09-27T16:46:34+00:00,Puente HTTP/REST (sensor de campo -> Central),DC-ACCESO-10,False,3,23.43,2026-09-27T16:46:34+00:00
2026-09-27T11:46:34-05:00,2026-09-27T16:46:34+00:00,Puente HTTP/REST (sensor de campo -> Central),DC-ACCESO-10,False,4,23.27,2026-09-27T16:46:34+00:00
2026-09-27T11:48:34-05:00,2026-09-27T16:48:34+00:00,Puente HTTP/REST (sensor de campo -> Central),DC-ACCESO-10,False,3,23.64,2026-09-27T16:48:34+00:00
2026-09-27T11:48:34-05:00,2026-09-27T16:48:34+00:00,Puente HTTP/REST (sensor de campo -> Central),DC-ACCESO-10,False,4,23.29,2026-09-27T16:48:34+00:00
2026-09-27T11:50:34-05:00,2026-09-27T16:50:34+00:00,Puente HTTP/REST (sensor de campo -> Central),DC-ACCESO-10,True,4,23.53,2026-09-27T16:50:34+00:00
2026-09-27T11:50:34-05:00,2026-09-27T16:50:34+00:00,Puente HTTP/REST (sensor de campo -> Central),DC-ACCESO-10,False,4,23.37,2026-09-27T16:50:34+00:00
2026-09-27T11:52:35-05:00,2026-09-27T16:52:35+00:00,Puente HTTP/REST (sensor de campo -> Central),DC-ACCESO-10,False,4,23.55,2026-09-27T16:52:34+00:00
2026-09-27T11:52:35-05:00,2026-09-27T16:52:35+00:00,Puente HTTP/REST (sensor de campo -> Central),DC-ACCESO-10,True,5,23.75,2026-09-27T16:52:34+00:00
2026-09-27T11:54:35-05:00,2026-09-27T16:54:35+00:00,Puente HTTP/REST (sensor de campo -> Central),DC-ACCESO-10,True,5,23.23,2026-09-27T16:54:35+00:00
2026-09-27T11:54:35-05:00,2026-09-27T16:54:35+00:00,Puente HTTP/REST (sensor de campo -> Central),DC-ACCESO-10,False,5,23.51,2026-09-27T16:54:35+00:00
2026-09-27T11:56:35-05:00,2026-09-27T16:56:35+00:00,Puente HTTP/REST (sensor de campo -> Central),DC-ACCESO-10,False,5,23.52,2026-09-27T16:56:35+00:00
2026-09-27T11:56:35-05:00,2026-09-27T16:56:35+00:00,Puente HTTP/REST (sensor de campo -> Central),DC-ACCESO-10,False,5,23.53,2026-09-27T16:56:35+00:00
2026-09-27T11:58:35-05:00,2026-09-27T16:58:35+00:00,Puente HTTP/REST (sensor de campo -> Central),DC-ACCESO-10,True,6,23.84,2026-09-27T16:58:35+00:00
2026-09-27T11:58:35-05:00,2026-09-27T16:58:35+00:00,Puente HTTP/REST (sensor de campo -> Central),DC-ACCESO-10,True,6,23.83,2026-09-27T16:58:35+00:00
2026-09-27T12:00:35-05:00,2026-09-27T17:00:35+00:00,Puente HTTP/REST (sensor de campo -> Central),DC-ACCESO-10,False,6,23.44,2026-09-27T17:00:35+00:00
2026-09-27T12:00:35-05:00,2026-09-27T17:00:35+00:00,Puente HTTP/REST (sensor de campo -> Central),DC-ACCESO-10,True,7,23.61,2026-09-27T17:00:35+00:00
2026-09-27T12:02:35-05:00,2026-09-27T17:02:35+00:00,Puente HTTP/REST (sensor de campo -> Central),DC-ACCESO-10,False,6,23.61,2026-09-27T17:02:35+00:00
2026-09-27T12:02:35-05:00,2026-09-27T17:02:35+00:00,Puente HTTP/REST (sensor de campo -> Central),DC-ACCESO-10,True,8,23.82,2026-09-27T17:02:35+00:00
2026-09-27T12:04:35-05:00,2026-09-27T17:04:35+00:00,Puente HTTP/REST (sensor de campo -> Central),DC-ACCESO-10,False,6,23.91,2026-09-27T17:04:35+00:00
2026-09-27T12:04:35-05:00,2026-09-27T17:04:35+00:00,Puente HTTP/REST (sensor de campo -> Central),DC-ACCESO-10,False,8,23.92,2026-09-27T17:04:35+00:00
2026-09-27T12:06:35-05:00,2026-09-27T17:06:35+00:00,Puente HTTP/REST (sensor de campo -> Central),DC-ACCESO-10,True,7,23.89,2026-09-27T17:06:35+00:00
2026-09-27T12:06:35-05:00,2026-09-27T17:06:35+00:00,Puente HTTP/REST (sensor de campo -> Central),DC-ACCESO-10,False,8,23.44,2026-09-27T17:06:35+00:00
2026-09-27T12:08:35-05:00,2026-09-27T17:08:35+00:00,Puente HTTP/REST (sensor de campo -> Central),DC-ACCESO-10,False,7,23.2,2026-09-27T17:08:35+00:00
2026-09-27T12:08:35-05:00,2026-09-27T17:08:35+00:00,Puente HTTP/REST (sensor de campo -> Central),DC-ACCESO-10,False,8,23.42,2026-09-27T17:08:35+00:00
2026-09-27T12:10:35-05:00,2026-09-27T17:10:35+00:00,Puente HTTP/REST (sensor de campo -> Central),DC-ACCESO-10,False,7,23.82,2026-09-27T17:10:35+00:00
2026-09-27T12:10:36-05:00,2026-09-27T17:10:36+00:00,Puente HTTP/REST (sensor de campo -> Central),DC-ACCESO-10,False,8,23.24,2026-09-27T17:10:35+00:00
2026-09-27T12:12:36-05:00,2026-09-27T17:12:36+00:00,Puente HTTP/REST (sensor de campo -> Central),DC-ACCESO-10,False,7,23.71,2026-09-27T17:12:35+00:00
2026-09-27T12:12:36-05:00,2026-09-27T17:12:36+00:00,Puente HTTP/REST (sensor de campo -> Central),DC-ACCESO-10,False,8,23.83,2026-09-27T17:12:36+00:00
2026-09-27T12:14:36-05:00,2026-09-27T17:14:36+00:00,Puente HTTP/REST (sensor de campo -> Central),DC-ACCESO-10,False,7,23.47,2026-09-27T17:14:36+00:00
2026-09-27T12:14:36-05:00,2026-09-27T17:14:36+00:00,Puente HTTP/REST (sensor de campo -> Central),DC-ACCESO-10,False,8,23.95,2026-09-27T17:14:36+00:00
2026-09-27T12:16:36-05:00,2026-09-27T17:16:36+00:00,Puente HTTP/REST (sensor de campo -> Central),DC-ACCESO-10,False,7,23.28,2026-09-27T17:16:36+00:00
2026-09-27T12:16:36-05:00,2026-09-27T17:16:36+00:00,Puente HTTP/REST (sensor de campo -> Central),DC-ACCESO-10,False,8,23.55,2026-09-27T17:16:36+00:00
2026-09-27T12:18:36-05:00,2026-09-27T17:18:36+00:00,Puente HTTP/REST (sensor de campo -> Central),DC-ACCESO-10,False,7,23.29,2026-09-27T17:18:36+00:00
2026-09-27T12:18:36-05:00,2026-09-27T17:18:36+00:00,Puente HTTP/REST (sensor de campo -> Central),DC-ACCESO-10,False,8,23.71,2026-09-27T17:18:36+00:00
2026-09-27T12:20:36-05:00,2026-09-27T17:20:36+00:00,Puente HTTP/REST (sensor de campo -> Central),DC-ACCESO-10,False,7,23.57,2026-09-27T17:20:36+00:00
2026-09-27T12:20:36-05:00,2026-09-27T17:20:36+00:00,Puente HTTP/REST (sensor de campo -> Central),DC-ACCESO-10,False,8,23.27,2026-09-27T17:20:36+00:00
2026-09-27T12:22:36-05:00,2026-09-27T17:22:36+00:00,Puente HTTP/REST (sensor de campo -> Central),DC-ACCESO-10,False,7,23.83,2026-09-27T17:22:36+00:00
2026-09-27T12:22:36-05:00,2026-09-27T17:22:36+00:00,Puente HTTP/REST (sensor de campo -> Central),DC-ACCESO-10,False,8,24.01,2026-09-27T17:22:36+00:00
2026-09-27T12:24:36-05:00,2026-09-27T17:24:36+00:00,Puente HTTP/REST (sensor de campo -> Central),DC-ACCESO-10,False,7,23.48,2026-09-27T17:24:36+00:00
2026-09-27T12:24:37-05:00,2026-09-27T17:24:37+00:00,Puente HTTP/REST (sensor de campo -> Central),DC-ACCESO-10,False,8,23.75,2026-09-27T17:24:36+00:00
2026-09-27T12:26:37-05:00,2026-09-27T17:26:37+00:00,Puente HTTP/REST (sensor de campo -> Central),DC-ACCESO-10,False,7,23.54,2026-09-27T17:26:36+00:00
2026-09-27T12:26:37-05:00,2026-09-27T17:26:37+00:00,Puente HTTP/REST (sensor de campo -> Central),DC-ACCESO-10,False,8,23.33,2026-09-27T17:26:37+00:00
2026-09-27T12:28:37-05:00,2026-09-27T17:28:37+00:00,Puente HTTP/REST (sensor de campo -> Central),DC-ACCESO-10,False,7,23.4,2026-09-27T17:28:37+00:00
2026-09-27T12:28:37-05:00,2026-09-27T17:28:37+00:00,Puente HTTP/REST (sensor de campo -> Central),DC-ACCESO-10,False,8,23.57,2026-09-27T17:28:37+00:00
2026-09-27T12:30:37-05:00,2026-09-27T17:30:37+00:00,Puente HTTP/REST (sensor de campo -> Central),DC-ACCESO-10,False,7,23.36,2026-09-27T17:30:37+00:00
2026-09-27T12:30:37-05:00,2026-09-27T17:30:37+00:00,Puente HTTP/REST (sensor de campo -> Central),DC-ACCESO-10,False,8,23.47,2026-09-27T17:30:37+00:00
2026-09-27T12:32:37-05:00,2026-09-27T17:32:37+00:00,Puente HTTP/REST (sensor de campo -> Central),DC-ACCESO-10,False,7,23.42,2026-09-27T17:32:37+00:00
2026-09-27T12:32:37-05:00,2026-09-27T17:32:37+00:00,Puente HTTP/REST (sensor de campo -> Central),DC-ACCESO-10,False,8,23.4,2026-09-27T17:32:37+00:00
2026-09-27T12:34:37-05:00,2026-09-27T17:34:37+00:00,Puente HTTP/REST (sensor de campo -> Central),DC-ACCESO-10,False,7,24.09,2026-09-27T17:34:37+00:00
2026-09-27T12:34:37-05:00,2026-09-27T17:34:37+00:00,Puente HTTP/REST (sensor de campo -> Central),DC-ACCESO-10,False,8,23.8,2026-09-27T17:34:37+00:00
2026-09-27T12:36:37-05:00,2026-09-27T17:36:37+00:00,Puente HTTP/REST (sensor de campo -> Central),DC-ACCESO-10,False,7,23.66,2026-09-27T17:36:37+00:00
2026-09-27T12:36:37-05:00,2026-09-27T17:36:37+00:00,Puente HTTP/REST (sensor de campo -> Central),DC-ACCESO-10,False,8,23.62,2026-09-27T17:36:37+00:00
2026-09-27T12:38:37-05:00,2026-09-27T17:38:37+00:00,Puente HTTP/REST (sensor de campo -> Central),DC-ACCESO-10,False,7,23.9,2026-09-27T17:38:37+00:00
2026-09-27T12:38:37-05:00,2026-09-27T17:38:37+00:00,Puente HTTP/REST (sensor de campo -> Central),DC-ACCESO-10,False,8,23.53,2026-09-27T17:38:37+00:00
2026-09-27T12:40:37-05:00,2026-09-27T17:40:37+00:00,Puente HTTP/REST (sensor de campo -> Central),DC-ACCESO-10,False,7,24.07,2026-09-27T17:40:37+00:00
2026-09-27T12:40:37-05:00,2026-09-27T17:40:37+00:00,Puente HTTP/REST (sensor de campo -> Central),DC-ACCESO-10,False,8,23.65,2026-09-27T17:40:37+00:00
2026-09-27T12:42:37-05:00,2026-09-27T17:42:37+00:00,Puente HTTP/REST (sensor de campo -> Central),DC-ACCESO-10,False,7,23.99,2026-09-27T17:42:37+00:00
2026-09-27T12:42:38-05:00,2026-09-27T17:42:38+00:00,Puente HTTP/REST (sensor de campo -> Central),DC-ACCESO-10,False,8,23.5,2026-09-27T17:42:37+00:00
2026-09-27T12:44:37-05:00,2026-09-27T17:44:37+00:00,Puente HTTP/REST (sensor de campo -> Central),DC-ACCESO-10,False,7,23.8,2026-09-27T17:44:37+00:00
2026-09-27T12:44:38-05:00,2026-09-27T17:44:38+00:00,Puente HTTP/REST (sensor de campo -> Central),DC-ACCESO-10,False,8,23.35,2026-09-27T17:44:38+00:00
2026-09-27T12:46:38-05:00,2026-09-27T17:46:38+00:00,Puente HTTP/REST (sensor de campo -> Central),DC-ACCESO-10,False,7,23.6,2026-09-27T17:46:37+00:00
2026-09-27T12:46:38-05:00,2026-09-27T17:46:38+00:00,Puente HTTP/REST (sensor de campo -> Central),DC-ACCESO-10,False,8,23.95,2026-09-27T17:46:38+00:00
2026-09-27T12:48:38-05:00,2026-09-27T17:48:38+00:00,Puente HTTP/REST (sensor de campo -> Central),DC-ACCESO-10,True,8,24.12,2026-09-27T17:48:38+00:00
2026-09-27T12:48:38-05:00,2026-09-27T17:48:38+00:00,Puente HTTP/REST (sensor de campo -> Central),DC-ACCESO-10,False,8,23.86,2026-09-27T17:48:38+00:00
2026-09-27T12:50:38-05:00,2026-09-27T17:50:38+00:00,Puente HTTP/REST (sensor de campo -> Central),DC-ACCESO-10,True,9,23.99,2026-09-27T17:50:38+00:00
2026-09-27T12:50:38-05:00,2026-09-27T17:50:38+00:00,Puente HTTP/REST (sensor de campo -> Central),DC-ACCESO-10,False,8,23.61,2026-09-27T17:50:38+00:00
2026-09-27T12:52:38-05:00,2026-09-27T17:52:38+00:00,Puente HTTP/REST (sensor de campo -> Central),DC-ACCESO-10,False,9,24.08,2026-09-27T17:52:38+00:00
2026-09-27T12:52:38-05:00,2026-09-27T17:52:38+00:00,Puente HTTP/REST (sensor de campo -> Central),DC-ACCESO-10,False,8,23.61,2026-09-27T17:52:38+00:00
2026-09-27T12:54:38-05:00,2026-09-27T17:54:38+00:00,Puente HTTP/REST (sensor de campo -> Central),DC-ACCESO-10,False,9,23.8,2026-09-27T17:54:38+00:00
2026-09-27T12:54:38-05:00,2026-09-27T17:54:38+00:00,Puente HTTP/REST (sensor de campo -> Central),DC-ACCESO-10,False,8,23.49,2026-09-27T17:54:38+00:00
2026-09-27T12:56:38-05:00,2026-09-27T17:56:38+00:00,Puente HTTP/REST (sensor de campo -> Central),DC-ACCESO-10,False,9,24.17,2026-09-27T17:56:38+00:00
2026-09-27T12:56:38-05:00,2026-09-27T17:56:38+00:00,Puente HTTP/REST (sensor de campo -> Central),DC-ACCESO-10,True,9,24.15,2026-09-27T17:56:38+00:00
2026-09-27T12:58:38-05:00,2026-09-27T17:58:38+00:00,Puente HTTP/REST (sensor de campo -> Central),DC-ACCESO-10,True,10,23.81,2026-09-27T17:58:38+00:00
2026-09-27T12:58:38-05:00,2026-09-27T17:58:38+00:00,Puente HTTP/REST (sensor de campo -> Central),DC-ACCESO-10,False,9,23.58,2026-09-27T17:58:38+00:00
2026-09-27T13:00:38-05:00,2026-09-27T18:00:38+00:00,Puente HTTP/REST (sensor de campo -> Central),DC-ACCESO-10,False,10,24.07,2026-09-27T18:00:38+00:00
2026-09-27T13:00:38-05:00,2026-09-27T18:00:38+00:00,Puente HTTP/REST (sensor de campo -> Central),DC-ACCESO-10,False,9,23.76,2026-09-27T18:00:38+00:00
2026-09-27T13:02:38-05:00,2026-09-27T18:02:38+00:00,Puente HTTP/REST (sensor de campo -> Central),DC-ACCESO-10,False,10,23.73,2026-09-27T18:02:38+00:00
2026-09-27T13:02:39-05:00,2026-09-27T18:02:39+00:00,Puente HTTP/REST (sensor de campo -> Central),DC-ACCESO-10,False,9,23.43,2026-09-27T18:02:38+00:00
2026-09-27T13:04:39-05:00,2026-09-27T18:04:39+00:00,Puente HTTP/REST (sensor de campo -> Central),DC-ACCESO-10,False,10,24.07,2026-09-27T18:04:38+00:00
2026-09-27T13:04:39-05:00,2026-09-27T18:04:39+00:00,Puente HTTP/REST (sensor de campo -> Central),DC-ACCESO-10,False,9,24.16,2026-09-27T18:04:39+00:00
2026-09-27T13:06:39-05:00,2026-09-27T18:06:39+00:00,Puente HTTP/REST (sensor de campo -> Central),DC-ACCESO-10,False,10,23.94,2026-09-27T18:06:39+00:00
2026-09-27T13:06:39-05:00,2026-09-27T18:06:39+00:00,Puente HTTP/REST (sensor de campo -> Central),DC-ACCESO-10,False,9,23.76,2026-09-27T18:06:39+00:00
2026-09-27T13:08:39-05:00,2026-09-27T18:08:39+00:00,Puente HTTP/REST (sensor de campo -> Central),DC-ACCESO-10,True,11,24.15,2026-09-27T18:08:39+00:00
2026-09-27T13:08:39-05:00,2026-09-27T18:08:39+00:00,Puente HTTP/REST (sensor de campo -> Central),DC-ACCESO-10,True,10,23.63,2026-09-27T18:08:39+00:00
2026-09-27T13:10:39-05:00,2026-09-27T18:10:39+00:00,Puente HTTP/REST (sensor de campo -> Central),DC-ACCESO-10,False,11,23.51,2026-09-27T18:10:39+00:00
2026-09-27T13:10:39-05:00,2026-09-27T18:10:39+00:00,Puente HTTP/REST (sensor de campo -> Central),DC-ACCESO-10,False,10,24.0,2026-09-27T18:10:39+00:00
2026-09-27T13:12:39-05:00,2026-09-27T18:12:39+00:00,Puente HTTP/REST (sensor de campo -> Central),DC-ACCESO-10,False,11,23.93,2026-09-27T18:12:39+00:00
2026-09-27T13:12:39-05:00,2026-09-27T18:12:39+00:00,Puente HTTP/REST (sensor de campo -> Central),DC-ACCESO-10,False,10,23.78,2026-09-27T18:12:39+00:00
2026-09-27T13:14:39-05:00,2026-09-27T18:14:39+00:00,Puente HTTP/REST (sensor de campo -> Central),DC-ACCESO-10,False,11,24.05,2026-09-27T18:14:39+00:00
2026-09-27T13:14:39-05:00,2026-09-27T18:14:39+00:00,Puente HTTP/REST (sensor de campo -> Central),DC-ACCESO-10,True,11,23.77,2026-09-27T18:14:39+00:00
2026-09-27T13:16:39-05:00,2026-09-27T18:16:39+00:00,Puente HTTP/REST (sensor de campo -> Central),DC-ACCESO-10,False,11,24.13,2026-09-27T18:16:39+00:00
2026-09-27T13:16:39-05:00,2026-09-27T18:16:39+00:00,Puente HTTP/REST (sensor de campo -> Central),DC-ACCESO-10,False,11,24.2,2026-09-27T18:16:39+00:00
2026-09-27T13:18:39-05:00,2026-09-27T18:18:39+00:00,Puente HTTP/REST (sensor de campo -> Central),DC-ACCESO-10,False,11,24.23,2026-09-27T18:18:39+00:00
2026-09-27T13:18:39-05:00,2026-09-27T18:18:39+00:00,Puente HTTP/REST (sensor de campo -> Central),DC-ACCESO-10,False,11,23.46,2026-09-27T18:18:39+00:00
2026-09-27T13:20:39-05:00,2026-09-27T18:20:39+00:00,Puente HTTP/REST (sensor de campo -> Central),DC-ACCESO-10,False,11,23.99,2026-09-27T18:20:39+00:00
2026-09-27T13:20:40-05:00,2026-09-27T18:20:40+00:00,Puente HTTP/REST (sensor de campo -> Central),DC-ACCESO-10,False,11,24.14,2026-09-27T18:20:39+00:00
2026-09-27T13:22:40-05:00,2026-09-27T18:22:40+00:00,Puente HTTP/REST (sensor de campo -> Central),DC-ACCESO-10,False,11,24.12,2026-09-27T18:22:39+00:00
2026-09-27T13:22:40-05:00,2026-09-27T18:22:40+00:00,Puente HTTP/REST (sensor de campo -> Central),DC-ACCESO-10,False,11,23.99,2026-09-27T18:22:40+00:00
2026-09-27T13:24:40-05:00,2026-09-27T18:24:40+00:00,Puente HTTP/REST (sensor de campo -> Central),DC-ACCESO-10,True,12,23.54,2026-09-27T18:24:40+00:00
2026-09-27T13:24:40-05:00,2026-09-27T18:24:40+00:00,Puente HTTP/REST (sensor de campo -> Central),DC-ACCESO-10,False,11,23.68,2026-09-27T18:24:40+00:00
2026-09-27T13:26:40-05:00,2026-09-27T18:26:40+00:00,Puente HTTP/REST (sensor de campo -> Central),DC-ACCESO-10,False,12,24.27,2026-09-27T18:26:40+00:00
2026-09-27T13:26:40-05:00,2026-09-27T18:26:40+00:00,Puente HTTP/REST (sensor de campo -> Central),DC-ACCESO-10,False,11,23.71,2026-09-27T18:26:40+00:00
2026-09-27T13:28:40-05:00,2026-09-27T18:28:40+00:00,Puente HTTP/REST (sensor de campo -> Central),DC-ACCESO-10,False,12,23.71,2026-09-27T18:28:40+00:00
2026-09-27T13:28:40-05:00,2026-09-27T18:28:40+00:00,Puente HTTP/REST (sensor de campo -> Central),DC-ACCESO-10,False,11,23.72,2026-09-27T18:28:40+00:00
2026-09-27T13:30:40-05:00,2026-09-27T18:30:40+00:00,Puente HTTP/REST (sensor de campo -> Central),DC-ACCESO-10,False,12,23.61,2026-09-27T18:30:40+00:00
2026-09-27T13:30:40-05:00,2026-09-27T18:30:40+00:00,Puente HTTP/REST (sensor de campo -> Central),DC-ACCESO-10,False,11,23.95,2026-09-27T18:30:40+00:00
2026-09-27T13:32:40-05:00,2026-09-27T18:32:40+00:00,Puente HTTP/REST (sensor de campo -> Central),DC-ACCESO-10,False,12,24.23,2026-09-27T18:32:40+00:00
2026-09-27T13:32:40-05:00,2026-09-27T18:32:40+00:00,Puente HTTP/REST (sensor de campo -> Central),DC-ACCESO-10,False,11,23.94,2026-09-27T18:32:40+00:00
2026-09-27T13:34:40-05:00,2026-09-27T18:34:40+00:00,Puente HTTP/REST (sensor de campo -> Central),DC-ACCESO-10,False,12,24.2,2026-09-27T18:34:40+00:00
2026-09-27T13:34:40-05:00,2026-09-27T18:34:40+00:00,Puente HTTP/REST (sensor de campo -> Central),DC-ACCESO-10,False,11,23.88,2026-09-27T18:34:40+00:00
2026-09-27T13:36:40-05:00,2026-09-27T18:36:40+00:00,Puente HTTP/REST (sensor de campo -> Central),DC-ACCESO-10,False,12,24.05,2026-09-27T18:36:40+00:00
2026-09-27T13:36:40-05:00,2026-09-27T18:36:40+00:00,Puente HTTP/REST (sensor de campo -> Central),DC-ACCESO-10,False,11,23.66,2026-09-27T18:36:40+00:00
2026-09-27T13:38:40-05:00,2026-09-27T18:38:40+00:00,Puente HTTP/REST (sensor de campo -> Central),DC-ACCESO-10,False,12,23.59,2026-09-27T18:38:40+00:00
2026-09-27T13:38:40-05:00,2026-09-27T18:38:40+00:00,Puente HTTP/REST (sensor de campo -> Central),DC-ACCESO-10,True,12,23.71,2026-09-27T18:38:40+00:00
2026-09-27T13:40:40-05:00,2026-09-27T18:40:40+00:00,Puente HTTP/REST (sensor de campo -> Central),DC-ACCESO-10,False,12,24.26,2026-09-27T18:40:40+00:00
2026-09-27T13:40:41-05:00,2026-09-27T18:40:41+00:00,Puente HTTP/REST (sensor de campo -> Central),DC-ACCESO-10,False,12,23.77,2026-09-27T18:40:40+00:00
2026-09-27T13:42:41-05:00,2026-09-27T18:42:41+00:00,Puente HTTP/REST (sensor de campo -> Central),DC-ACCESO-10,True,13,24.21,2026-09-27T18:42:40+00:00
2026-09-27T13:42:41-05:00,2026-09-27T18:42:41+00:00,Puente HTTP/REST (sensor de campo -> Central),DC-ACCESO-10,False,12,23.59,2026-09-27T18:42:41+00:00
2026-09-27T13:44:41-05:00,2026-09-27T18:44:41+00:00,Puente HTTP/REST (sensor de campo -> Central),DC-ACCESO-10,False,13,23.94,2026-09-27T18:44:41+00:00
2026-09-27T13:44:41-05:00,2026-09-27T18:44:41+00:00,Puente HTTP/REST (sensor de campo -> Central),DC-ACCESO-10,False,12,24.05,2026-09-27T18:44:41+00:00
2026-09-27T13:46:45-05:00,2026-09-27T18:46:45+00:00,Puente HTTP/REST (sensor de campo -> Central),DC-ACCESO-10,False,13,23.53,2026-09-27T18:46:41+00:00
2026-09-27T13:46:45-05:00,2026-09-27T18:46:45+00:00,Puente HTTP/REST (sensor de campo -> Central),DC-ACCESO-10,False,12,23.72,2026-09-27T18:46:41+00:00
2026-09-27T13:48:45-05:00,2026-09-27T18:48:45+00:00,Puente HTTP/REST (sensor de campo -> Central),DC-ACCESO-10,False,13,23.88,2026-09-27T18:48:45+00:00
2026-09-27T13:48:45-05:00,2026-09-27T18:48:45+00:00,Puente HTTP/REST (sensor de campo -> Central),DC-ACCESO-10,True,13,23.96,2026-09-27T18:48:45+00:00
2026-09-27T13:50:45-05:00,2026-09-27T18:50:45+00:00,Puente HTTP/REST (sensor de campo -> Central),DC-ACCESO-10,False,13,23.87,2026-09-27T18:50:45+00:00
2026-09-27T13:50:45-05:00,2026-09-27T18:50:45+00:00,Puente HTTP/REST (sensor de campo -> Central),DC-ACCESO-10,False,13,23.63,2026-09-27T18:50:45+00:00
2026-09-27T13:52:45-05:00,2026-09-27T18:52:45+00:00,Puente HTTP/REST (sensor de campo -> Central),DC-ACCESO-10,False,13,24.26,2026-09-27T18:52:45+00:00
2026-09-27T13:52:45-05:00,2026-09-27T18:52:45+00:00,Puente HTTP/REST (sensor de campo -> Central),DC-ACCESO-10,False,13,24.13,2026-09-27T18:52:45+00:00
2026-09-27T13:54:45-05:00,2026-09-27T18:54:45+00:00,Puente HTTP/REST (sensor de campo -> Central),DC-ACCESO-10,False,13,23.63,2026-09-27T18:54:45+00:00
2026-09-27T13:54:45-05:00,2026-09-27T18:54:45+00:00,Puente HTTP/REST (sensor de campo -> Central),DC-ACCESO-10,False,13,24.01,2026-09-27T18:54:45+00:00
2026-09-27T13:56:45-05:00,2026-09-27T18:56:45+00:00,Puente HTTP/REST (sensor de campo -> Central),DC-ACCESO-10,False,13,23.63,2026-09-27T18:56:45+00:00
2026-09-27T13:56:45-05:00,2026-09-27T18:56:45+00:00,Puente HTTP/REST (sensor de campo -> Central),DC-ACCESO-10,False,13,24.3,2026-09-27T18:56:45+00:00
2026-09-27T13:58:45-05:00,2026-09-27T18:58:45+00:00,Puente HTTP/REST (sensor de campo -> Central),DC-ACCESO-10,False,13,23.83,2026-09-27T18:58:45+00:00
2026-09-27T13:58:45-05:00,2026-09-27T18:58:45+00:00,Puente HTTP/REST (sensor de campo -> Central),DC-ACCESO-10,False,13,23.64,2026-09-27T18:58:45+00:00
2026-09-27T14:00:45-05:00,2026-09-27T19:00:45+00:00,Puente HTTP/REST (sensor de campo -> Central),DC-ACCESO-10,False,13,23.82,2026-09-27T19:00:45+00:00
2026-09-27T14:00:46-05:00,2026-09-27T19:00:46+00:00,Puente HTTP/REST (sensor de campo -> Central),DC-ACCESO-10,False,13,23.93,2026-09-27T19:00:45+00:00
2026-09-27T14:02:46-05:00,2026-09-27T19:02:46+00:00,Puente HTTP/REST (sensor de campo -> Central),DC-ACCESO-10,False,13,23.91,2026-09-27T19:02:45+00:00
2026-09-27T14:02:46-05:00,2026-09-27T19:02:46+00:00,Puente HTTP/REST (sensor de campo -> Central),DC-ACCESO-10,False,13,23.9,2026-09-27T19:02:46+00:00
2026-09-27T14:04:46-05:00,2026-09-27T19:04:46+00:00,Puente HTTP/REST (sensor de campo -> Central),DC-ACCESO-10,False,13,24.13,2026-09-27T19:04:46+00:00
2026-09-27T14:04:46-05:00,2026-09-27T19:04:46+00:00,Puente HTTP/REST (sensor de campo -> Central),DC-ACCESO-10,True,14,23.84,2026-09-27T19:04:46+00:00
2026-09-27T14:06:46-05:00,2026-09-27T19:06:46+00:00,Puente HTTP/REST (sensor de campo -> Central),DC-ACCESO-10,True,14,24.0,2026-09-27T19:06:46+00:00
2026-09-27T14:06:46-05:00,2026-09-27T19:06:46+00:00,Puente HTTP/REST (sensor de campo -> Central),DC-ACCESO-10,False,14,23.76,2026-09-27T19:06:46+00:00
2026-09-27T14:08:46-05:00,2026-09-27T19:08:46+00:00,Puente HTTP/REST (sensor de campo -> Central),DC-ACCESO-10,True,15,24.05,2026-09-27T19:08:46+00:00
2026-09-27T14:08:46-05:00,2026-09-27T19:08:46+00:00,Puente HTTP/REST (sensor de campo -> Central),DC-ACCESO-10,False,14,24.3,2026-09-27T19:08:46+00:00
2026-09-27T14:10:46-05:00,2026-09-27T19:10:46+00:00,Puente HTTP/REST (sensor de campo -> Central),DC-ACCESO-10,True,16,23.86,2026-09-27T19:10:46+00:00
2026-09-27T14:10:46-05:00,2026-09-27T19:10:46+00:00,Puente HTTP/REST (sensor de campo -> Central),DC-ACCESO-10,False,14,23.62,2026-09-27T19:10:46+00:00
2026-09-27T14:12:46-05:00,2026-09-27T19:12:46+00:00,Puente HTTP/REST (sensor de campo -> Central),DC-ACCESO-10,False,16,24.34,2026-09-27T19:12:46+00:00
2026-09-27T14:12:46-05:00,2026-09-27T19:12:46+00:00,Puente HTTP/REST (sensor de campo -> Central),DC-ACCESO-10,False,14,24.07,2026-09-27T19:12:46+00:00
2026-09-27T14:14:46-05:00,2026-09-27T19:14:46+00:00,Puente HTTP/REST (sensor de campo -> Central),DC-ACCESO-10,False,16,24.15,2026-09-27T19:14:46+00:00
2026-09-27T14:14:46-05:00,2026-09-27T19:14:46+00:00,Puente HTTP/REST (sensor de campo -> Central),DC-ACCESO-10,False,14,24.16,2026-09-27T19:14:46+00:00
2026-09-27T14:16:46-05:00,2026-09-27T19:16:46+00:00,Puente HTTP/REST (sensor de campo -> Central),DC-ACCESO-10,False,16,24.37,2026-09-27T19:16:46+00:00
2026-09-27T14:16:46-05:00,2026-09-27T19:16:46+00:00,Puente HTTP/REST (sensor de campo -> Central),DC-ACCESO-10,False,14,23.9,2026-09-27T19:16:46+00:00
2026-09-27T14:18:46-05:00,2026-09-27T19:18:46+00:00,Puente HTTP/REST (sensor de campo -> Central),DC-ACCESO-10,True,17,24.21,2026-09-27T19:18:46+00:00
2026-09-27T14:18:47-05:00,2026-09-27T19:18:47+00:00,Puente HTTP/REST (sensor de campo -> Central),DC-ACCESO-10,False,14,24.35,2026-09-27T19:18:46+00:00
2026-09-27T14:20:47-05:00,2026-09-27T19:20:47+00:00,Puente HTTP/REST (sensor de campo -> Central),DC-ACCESO-10,False,17,23.62,2026-09-27T19:20:46+00:00
2026-09-27T14:20:47-05:00,2026-09-27T19:20:47+00:00,Puente HTTP/REST (sensor de campo -> Central),DC-ACCESO-10,True,15,23.77,2026-09-27T19:20:47+00:00
2026-09-27T14:22:47-05:00,2026-09-27T19:22:47+00:00,Puente HTTP/REST (sensor de campo -> Central),DC-ACCESO-10,False,17,24.22,2026-09-27T19:22:47+00:00
2026-09-27T14:22:47-05:00,2026-09-27T19:22:47+00:00,Puente HTTP/REST (sensor de campo -> Central),DC-ACCESO-10,False,15,23.95,2026-09-27T19:22:47+00:00
2026-09-27T14:24:47-05:00,2026-09-27T19:24:47+00:00,Puente HTTP/REST (sensor de campo -> Central),DC-ACCESO-10,False,17,24.08,2026-09-27T19:24:47+00:00
2026-09-27T14:24:47-05:00,2026-09-27T19:24:47+00:00,Puente HTTP/REST (sensor de campo -> Central),DC-ACCESO-10,False,15,24.32,2026-09-27T19:24:47+00:00
2026-09-27T14:26:47-05:00,2026-09-27T19:26:47+00:00,Puente HTTP/REST (sensor de campo -> Central),DC-ACCESO-10,True,18,23.63,2026-09-27T19:26:47+00:00
2026-09-27T14:26:47-05:00,2026-09-27T19:26:47+00:00,Puente HTTP/REST (sensor de campo -> Central),DC-ACCESO-10,False,15,23.72,2026-09-27T19:26:47+00:00
2026-09-27T14:28:47-05:00,2026-09-27T19:28:47+00:00,Puente HTTP/REST (sensor de campo -> Central),DC-ACCESO-10,False,18,23.83,2026-09-27T19:28:47+00:00
2026-09-27T14:28:47-05:00,2026-09-27T19:28:47+00:00,Puente HTTP/REST (sensor de campo -> Central),DC-ACCESO-10,True,16,23.66,2026-09-27T19:28:47+00:00
2026-09-27T14:30:47-05:00,2026-09-27T19:30:47+00:00,Puente HTTP/REST (sensor de campo -> Central),DC-ACCESO-10,False,18,24.3,2026-09-27T19:30:47+00:00
2026-09-27T14:30:47-05:00,2026-09-27T19:30:47+00:00,Puente HTTP/REST (sensor de campo -> Central),DC-ACCESO-10,False,16,23.95,2026-09-27T19:30:47+00:00
2026-09-27T14:32:47-05:00,2026-09-27T19:32:47+00:00,Puente HTTP/REST (sensor de campo -> Central),DC-ACCESO-10,False,18,23.71,2026-09-27T19:32:47+00:00
2026-09-27T14:32:47-05:00,2026-09-27T19:32:47+00:00,Puente HTTP/REST (sensor de campo -> Central),DC-ACCESO-10,False,16,23.75,2026-09-27T19:32:47+00:00
2026-09-27T14:34:47-05:00,2026-09-27T19:34:47+00:00,Puente HTTP/REST (sensor de campo -> Central),DC-ACCESO-10,False,18,23.9,2026-09-27T19:34:47+00:00
2026-09-27T14:34:47-05:00,2026-09-27T19:34:47+00:00,Puente HTTP/REST (sensor de campo -> Central),DC-ACCESO-10,False,16,24.01,2026-09-27T19:34:47+00:00
2026-09-27T14:36:47-05:00,2026-09-27T19:36:47+00:00,Puente HTTP/REST (sensor de campo -> Central),DC-ACCESO-10,False,18,23.63,2026-09-27T19:36:47+00:00
2026-09-27T14:36:47-05:00,2026-09-27T19:36:47+00:00,Puente HTTP/REST (sensor de campo -> Central),DC-ACCESO-10,False,16,23.77,2026-09-27T19:36:47+00:00
2026-09-27T14:38:47-05:00,2026-09-27T19:38:47+00:00,Puente HTTP/REST (sensor de campo -> Central),DC-ACCESO-10,False,18,24.25,2026-09-27T19:38:47+00:00
2026-09-27T14:38:48-05:00,2026-09-27T19:38:48+00:00,Puente HTTP/REST (sensor de campo -> Central),DC-ACCESO-10,True,17,24.12,2026-09-27T19:38:47+00:00
2026-09-27T14:40:48-05:00,2026-09-27T19:40:48+00:00,Puente HTTP/REST (sensor de campo -> Central),DC-ACCESO-10,False,18,23.97,2026-09-27T19:40:47+00:00
2026-09-27T14:40:48-05:00,2026-09-27T19:40:48+00:00,Puente HTTP/REST (sensor de campo -> Central),DC-ACCESO-10,False,17,24.16,2026-09-27T19:40:48+00:00
2026-09-27T14:42:48-05:00,2026-09-27T19:42:48+00:00,Puente HTTP/REST (sensor de campo -> Central),DC-ACCESO-10,True,19,24.18,2026-09-27T19:42:48+00:00
2026-09-27T14:42:48-05:00,2026-09-27T19:42:48+00:00,Puente HTTP/REST (sensor de campo -> Central),DC-ACCESO-10,False,17,23.99,2026-09-27T19:42:48+00:00
2026-09-27T14:44:48-05:00,2026-09-27T19:44:48+00:00,Puente HTTP/REST (sensor de campo -> Central),DC-ACCESO-10,True,20,24.22,2026-09-27T19:44:48+00:00
2026-09-27T14:44:48-05:00,2026-09-27T19:44:48+00:00,Puente HTTP/REST (sensor de campo -> Central),DC-ACCESO-10,False,17,23.61,2026-09-27T19:44:48+00:00
2026-09-27T14:46:48-05:00,2026-09-27T19:46:48+00:00,Puente HTTP/REST (sensor de campo -> Central),DC-ACCESO-10,False,20,24.37,2026-09-27T19:46:48+00:00
2026-09-27T14:46:48-05:00,2026-09-27T19:46:48+00:00,Puente HTTP/REST (sensor de campo -> Central),DC-ACCESO-10,False,17,23.75,2026-09-27T19:46:48+00:00
2026-09-27T14:48:48-05:00,2026-09-27T19:48:48+00:00,Puente HTTP/REST (sensor de campo -> Central),DC-ACCESO-10,False,20,24.3,2026-09-27T19:48:48+00:00
2026-09-27T14:48:48-05:00,2026-09-27T19:48:48+00:00,Puente HTTP/REST (sensor de campo -> Central),DC-ACCESO-10,False,17,23.94,2026-09-27T19:48:48+00:00
2026-09-27T14:50:48-05:00,2026-09-27T19:50:48+00:00,Puente HTTP/REST (sensor de campo -> Central),DC-ACCESO-10,False,20,23.64,2026-09-27T19:50:48+00:00
2026-09-27T14:50:48-05:00,2026-09-27T19:50:48+00:00,Puente HTTP/REST (sensor de campo -> Central),DC-ACCESO-10,False,17,24.06,2026-09-27T19:50:48+00:00
2026-09-27T14:52:48-05:00,2026-09-27T19:52:48+00:00,Puente HTTP/REST (sensor de campo -> Central),DC-ACCESO-10,False,20,23.77,2026-09-27T19:52:48+00:00
2026-09-27T14:52:48-05:00,2026-09-27T19:52:48+00:00,Puente HTTP/REST (sensor de campo -> Central),DC-ACCESO-10,False,17,24.19,2026-09-27T19:52:48+00:00
2026-09-27T14:54:48-05:00,2026-09-27T19:54:48+00:00,Puente HTTP/REST (sensor de campo -> Central),DC-ACCESO-10,False,20,24.27,2026-09-27T19:54:48+00:00
2026-09-27T14:54:48-05:00,2026-09-27T19:54:48+00:00,Puente HTTP/REST (sensor de campo -> Central),DC-ACCESO-10,False,17,23.69,2026-09-27T19:54:48+00:00
2026-09-27T14:56:48-05:00,2026-09-27T19:56:48+00:00,Puente HTTP/REST (sensor de campo -> Central),DC-ACCESO-10,False,20,24.09,2026-09-27T19:56:48+00:00
2026-09-27T14:56:49-05:00,2026-09-27T19:56:49+00:00,Puente HTTP/REST (sensor de campo -> Central),DC-ACCESO-10,False,17,24.02,2026-09-27T19:56:48+00:00
2026-09-27T14:58:49-05:00,2026-09-27T19:58:49+00:00,Puente HTTP/REST (sensor de campo -> Central),DC-ACCESO-10,False,20,24.1,2026-09-27T19:58:48+00:00
2026-09-27T14:58:49-05:00,2026-09-27T19:58:49+00:00,Puente HTTP/REST (sensor de campo -> Central),DC-ACCESO-10,False,17,24.2,2026-09-27T19:58:49+00:00
2026-09-27T15:00:49-05:00,2026-09-27T20:00:49+00:00,Puente HTTP/REST (sensor de campo -> Central),DC-ACCESO-10,False,20,24.12,2026-09-27T20:00:49+00:00
2026-09-27T15:00:49-05:00,2026-09-27T20:00:49+00:00,Puente HTTP/REST (sensor de campo -> Central),DC-ACCESO-10,True,18,24.4,2026-09-27T20:00:49+00:00
