ts_local,ts_utc,origen,device_id,tsFuente,tempExterior,humedadExterior,lluviaMm,vientoKmh,radiacionSolar,tsDispositivo
2026-09-26T15:37:29-05:00,2026-09-26T20:37:29+00:00,API publica Open-Meteo (puente HTTP -> IoT Central),DC-CLIMA-05,"2026-09-26T15:30 (America/Bogota, Open-Meteo)",24.0,81.0,0.8,5.4,356.0,2026-09-26T20:37:29+00:00
2026-09-26T15:52:30-05:00,2026-09-26T20:52:30+00:00,API publica Open-Meteo (puente HTTP -> IoT Central),DC-CLIMA-05,"2026-09-26T15:45 (America/Bogota, Open-Meteo)",23.2,88.0,0.8,4.4,293.0,2026-09-26T20:52:30+00:00
2026-09-26T16:07:31-05:00,2026-09-26T21:07:31+00:00,API publica Open-Meteo (puente HTTP -> IoT Central),DC-CLIMA-05,"2026-09-26T16:00 (America/Bogota, Open-Meteo)",22.6,94.0,0.8,4.0,239.0,2026-09-26T21:07:30+00:00
2026-09-26T16:22:31-05:00,2026-09-26T21:22:31+00:00,API publica Open-Meteo (puente HTTP -> IoT Central),DC-CLIMA-05,"2026-09-26T16:15 (America/Bogota, Open-Meteo)",22.2,97.0,0.8,4.0,191.0,2026-09-26T21:22:31+00:00
2026-09-26T16:37:31-05:00,2026-09-26T21:37:31+00:00,API publica Open-Meteo (puente HTTP -> IoT Central),DC-CLIMA-05,"2026-09-26T16:30 (America/Bogota, Open-Meteo)",21.9,98.0,0.8,3.9,149.0,2026-09-26T21:37:31+00:00
2026-09-26T16:52:32-05:00,2026-09-26T21:52:32+00:00,API publica Open-Meteo (puente HTTP -> IoT Central),DC-CLIMA-05,"2026-09-26T16:45 (America/Bogota, Open-Meteo)",21.7,98.0,0.8,4.0,111.0,2026-09-26T21:52:32+00:00
2026-09-26T17:07:32-05:00,2026-09-26T22:07:32+00:00,API publica Open-Meteo (puente HTTP -> IoT Central),DC-CLIMA-05,"2026-09-26T17:00 (America/Bogota, Open-Meteo)",21.5,99.0,0.8,4.0,78.0,2026-09-26T22:07:32+00:00
2026-09-26T17:22:33-05:00,2026-09-26T22:22:33+00:00,API publica Open-Meteo (puente HTTP -> IoT Central),DC-CLIMA-05,"2026-09-26T17:15 (America/Bogota, Open-Meteo)",21.3,99.0,1.4,4.1,49.0,2026-09-26T22:22:33+00:00
2026-09-26T17:37:34-05:00,2026-09-26T22:37:34+00:00,API publica Open-Meteo (puente HTTP -> IoT Central),DC-CLIMA-05,"2026-09-26T17:30 (America/Bogota, Open-Meteo)",21.3,99.0,1.4,4.5,26.0,2026-09-26T22:37:33+00:00
2026-09-26T17:52:34-05:00,2026-09-26T22:52:34+00:00,API publica Open-Meteo (puente HTTP -> IoT Central),DC-CLIMA-05,"2026-09-26T17:45 (America/Bogota, Open-Meteo)",21.2,98.0,1.4,5.3,7.0,2026-09-26T22:52:34+00:00
2026-09-26T18:07:35-05:00,2026-09-26T23:07:35+00:00,API publica Open-Meteo (puente HTTP -> IoT Central),DC-CLIMA-05,"2026-09-26T18:00 (America/Bogota, Open-Meteo)",21.2,98.0,1.4,5.6,0.0,2026-09-26T23:07:35+00:00
2026-09-27T10:28:20-05:00,2026-09-27T15:28:20+00:00,API publica Open-Meteo (puente HTTP -> IoT Central),DC-CLIMA-05,"2026-09-27T10:15 (America/Bogota, Open-Meteo)",24.8,73.0,0.2,1.9,762.0,2026-09-27T15:28:20+00:00
2026-09-27T10:43:20-05:00,2026-09-27T15:43:20+00:00,API publica Open-Meteo (puente HTTP -> IoT Central),DC-CLIMA-05,"2026-09-27T10:30 (America/Bogota, Open-Meteo)",24.9,73.0,0.2,2.3,770.0,2026-09-27T15:43:20+00:00
2026-09-27T10:58:21-05:00,2026-09-27T15:58:21+00:00,API publica Open-Meteo (puente HTTP -> IoT Central),DC-CLIMA-05,"2026-09-27T10:45 (America/Bogota, Open-Meteo)",24.9,74.0,0.2,3.5,760.0,2026-09-27T15:58:21+00:00
2026-09-27T11:13:21-05:00,2026-09-27T16:13:21+00:00,API publica Open-Meteo (puente HTTP -> IoT Central),DC-CLIMA-05,"2026-09-27T11:00 (America/Bogota, Open-Meteo)",24.9,75.0,0.2,4.5,717.0,2026-09-27T16:13:21+00:00
2026-09-27T11:28:22-05:00,2026-09-27T16:28:22+00:00,API publica Open-Meteo (puente HTTP -> IoT Central),DC-CLIMA-05,"2026-09-27T11:15 (America/Bogota, Open-Meteo)",24.8,75.0,0.2,5.5,665.0,2026-09-27T16:28:22+00:00
2026-09-27T11:43:22-05:00,2026-09-27T16:43:22+00:00,API publica Open-Meteo (puente HTTP -> IoT Central),DC-CLIMA-05,"2026-09-27T11:30 (America/Bogota, Open-Meteo)",24.7,75.0,0.2,6.5,625.0,2026-09-27T16:43:22+00:00
2026-09-27T11:58:22-05:00,2026-09-27T16:58:22+00:00,API publica Open-Meteo (puente HTTP -> IoT Central),DC-CLIMA-05,"2026-09-27T11:45 (America/Bogota, Open-Meteo)",24.5,75.0,0.2,7.5,622.0,2026-09-27T16:58:22+00:00
2026-09-27T12:13:22-05:00,2026-09-27T17:13:22+00:00,API publica Open-Meteo (puente HTTP -> IoT Central),DC-CLIMA-05,"2026-09-27T12:00 (America/Bogota, Open-Meteo)",24.4,75.0,0.2,8.1,661.0,2026-09-27T17:13:22+00:00
2026-09-27T12:28:23-05:00,2026-09-27T17:28:23+00:00,API publica Open-Meteo (puente HTTP -> IoT Central),DC-CLIMA-05,"2026-09-27T12:15 (America/Bogota, Open-Meteo)",24.2,76.0,0.3,8.3,713.0,2026-09-27T17:28:23+00:00
2026-09-27T12:43:23-05:00,2026-09-27T17:43:23+00:00,API publica Open-Meteo (puente HTTP -> IoT Central),DC-CLIMA-05,"2026-09-27T12:30 (America/Bogota, Open-Meteo)",24.0,77.0,0.3,8.4,749.0,2026-09-27T17:43:23+00:00
2026-09-27T12:58:23-05:00,2026-09-27T17:58:23+00:00,API publica Open-Meteo (puente HTTP -> IoT Central),DC-CLIMA-05,"2026-09-27T12:45 (America/Bogota, Open-Meteo)",23.8,79.0,0.3,8.6,745.0,2026-09-27T17:58:23+00:00
2026-09-27T13:13:24-05:00,2026-09-27T18:13:24+00:00,API publica Open-Meteo (puente HTTP -> IoT Central),DC-CLIMA-05,"2026-09-27T13:00 (America/Bogota, Open-Meteo)",23.6,80.0,0.3,8.5,711.0,2026-09-27T18:13:24+00:00
2026-09-27T13:28:24-05:00,2026-09-27T18:28:24+00:00,API publica Open-Meteo (puente HTTP -> IoT Central),DC-CLIMA-05,"2026-09-27T13:15 (America/Bogota, Open-Meteo)",23.5,81.0,0.2,8.5,661.0,2026-09-27T18:28:24+00:00
2026-09-27T13:43:25-05:00,2026-09-27T18:43:25+00:00,API publica Open-Meteo (puente HTTP -> IoT Central),DC-CLIMA-05,"2026-09-27T13:30 (America/Bogota, Open-Meteo)",23.5,82.0,0.2,8.3,609.0,2026-09-27T18:43:25+00:00
2026-09-27T13:58:25-05:00,2026-09-27T18:58:25+00:00,API publica Open-Meteo (puente HTTP -> IoT Central),DC-CLIMA-05,"2026-09-27T13:45 (America/Bogota, Open-Meteo)",23.4,83.0,0.2,7.9,566.0,2026-09-27T18:58:25+00:00
2026-09-27T14:13:26-05:00,2026-09-27T19:13:26+00:00,API publica Open-Meteo (puente HTTP -> IoT Central),DC-CLIMA-05,"2026-09-27T14:00 (America/Bogota, Open-Meteo)",23.5,85.0,0.3,6.1,641.0,2026-09-27T19:13:26+00:00
2026-09-27T14:28:27-05:00,2026-09-27T19:28:27+00:00,API publica Open-Meteo (puente HTTP -> IoT Central),DC-CLIMA-05,"2026-09-27T14:15 (America/Bogota, Open-Meteo)",23.4,86.0,0.2,6.2,582.0,2026-09-27T19:28:27+00:00
2026-09-27T14:43:27-05:00,2026-09-27T19:43:27+00:00,API publica Open-Meteo (puente HTTP -> IoT Central),DC-CLIMA-05,"2026-09-27T14:30 (America/Bogota, Open-Meteo)",23.2,87.0,0.2,6.5,519.0,2026-09-27T19:43:27+00:00
2026-09-27T14:58:28-05:00,2026-09-27T19:58:28+00:00,API publica Open-Meteo (puente HTTP -> IoT Central),DC-CLIMA-05,"2026-09-27T14:45 (America/Bogota, Open-Meteo)",23.0,89.0,0.2,6.8,462.0,2026-09-27T19:58:27+00:00
