ts_local,ts_utc,origen,device_id,tempPasillo,humedadPasillo,deltaPresionPa,tsDispositivo
2026-09-26T15:37:25-05:00,2026-09-26T20:37:25+00:00,Python SDK azure-iot-device (MQTT sobre WebSockets 443),DC-PASILLO-04,19.98,51.81,19.4,2026-09-26T20:37:25+00:00
2026-09-26T15:38:25-05:00,2026-09-26T20:38:25+00:00,Python SDK azure-iot-device (MQTT sobre WebSockets 443),DC-PASILLO-04,20.08,51.65,19.5,2026-09-26T20:38:25+00:00
2026-09-26T15:39:25-05:00,2026-09-26T20:39:25+00:00,Python SDK azure-iot-device (MQTT sobre WebSockets 443),DC-PASILLO-04,20.39,51.36,21.5,2026-09-26T20:39:25+00:00
2026-09-26T15:40:25-05:00,2026-09-26T20:40:25+00:00,Python SDK azure-iot-device (MQTT sobre WebSockets 443),DC-PASILLO-04,20.55,51.67,21.2,2026-09-26T20:40:25+00:00
2026-09-26T15:41:26-05:00,2026-09-26T20:41:26+00:00,Python SDK azure-iot-device (MQTT sobre WebSockets 443),DC-PASILLO-04,20.54,51.31,21.0,2026-09-26T20:41:25+00:00
2026-09-26T15:42:26-05:00,2026-09-26T20:42:26+00:00,Python SDK azure-iot-device (MQTT sobre WebSockets 443),DC-PASILLO-04,20.36,50.96,18.4,2026-09-26T20:42:26+00:00
2026-09-26T15:43:26-05:00,2026-09-26T20:43:26+00:00,Python SDK azure-iot-device (MQTT sobre WebSockets 443),DC-PASILLO-04,20.34,50.94,18.5,2026-09-26T20:43:26+00:00
2026-09-26T15:44:26-05:00,2026-09-26T20:44:26+00:00,Python SDK azure-iot-device (MQTT sobre WebSockets 443),DC-PASILLO-04,20.53,51.68,18.2,2026-09-26T20:44:26+00:00
2026-09-26T15:45:26-05:00,2026-09-26T20:45:26+00:00,Python SDK azure-iot-device (MQTT sobre WebSockets 443),DC-PASILLO-04,20.56,51.5,21.5,2026-09-26T20:45:26+00:00
2026-09-26T15:46:26-05:00,2026-09-26T20:46:26+00:00,Python SDK azure-iot-device (MQTT sobre WebSockets 443),DC-PASILLO-04,20.28,52.23,21.2,2026-09-26T20:46:26+00:00
2026-09-26T15:47:26-05:00,2026-09-26T20:47:26+00:00,Python SDK azure-iot-device (MQTT sobre WebSockets 443),DC-PASILLO-04,20.0,50.95,18.2,2026-09-26T20:47:26+00:00
2026-09-26T15:48:26-05:00,2026-09-26T20:48:26+00:00,Python SDK azure-iot-device (MQTT sobre WebSockets 443),DC-PASILLO-04,20.07,50.53,19.5,2026-09-26T20:48:26+00:00
2026-09-26T15:49:26-05:00,2026-09-26T20:49:26+00:00,Python SDK azure-iot-device (MQTT sobre WebSockets 443),DC-PASILLO-04,20.45,50.92,20.0,2026-09-26T20:49:26+00:00
2026-09-26T15:50:26-05:00,2026-09-26T20:50:26+00:00,Python SDK azure-iot-device (MQTT sobre WebSockets 443),DC-PASILLO-04,20.25,51.59,19.6,2026-09-26T20:50:26+00:00
2026-09-26T15:51:27-05:00,2026-09-26T20:51:27+00:00,Python SDK azure-iot-device (MQTT sobre WebSockets 443),DC-PASILLO-04,20.03,50.9,20.7,2026-09-26T20:51:26+00:00
2026-09-26T15:52:27-05:00,2026-09-26T20:52:27+00:00,Python SDK azure-iot-device (MQTT sobre WebSockets 443),DC-PASILLO-04,20.09,51.98,17.3,2026-09-26T20:52:27+00:00
2026-09-26T15:53:27-05:00,2026-09-26T20:53:27+00:00,Python SDK azure-iot-device (MQTT sobre WebSockets 443),DC-PASILLO-04,20.09,50.74,19.3,2026-09-26T20:53:27+00:00
2026-09-26T15:54:27-05:00,2026-09-26T20:54:27+00:00,Python SDK azure-iot-device (MQTT sobre WebSockets 443),DC-PASILLO-04,20.5,50.17,18.6,2026-09-26T20:54:27+00:00
2026-09-26T15:55:27-05:00,2026-09-26T20:55:27+00:00,Python SDK azure-iot-device (MQTT sobre WebSockets 443),DC-PASILLO-04,20.15,51.62,21.4,2026-09-26T20:55:27+00:00
2026-09-26T15:56:27-05:00,2026-09-26T20:56:27+00:00,Python SDK azure-iot-device (MQTT sobre WebSockets 443),DC-PASILLO-04,20.25,50.27,17.6,2026-09-26T20:56:27+00:00
2026-09-26T15:57:27-05:00,2026-09-26T20:57:27+00:00,Python SDK azure-iot-device (MQTT sobre WebSockets 443),DC-PASILLO-04,20.43,50.4,19.2,2026-09-26T20:57:27+00:00
2026-09-26T15:58:27-05:00,2026-09-26T20:58:27+00:00,Python SDK azure-iot-device (MQTT sobre WebSockets 443),DC-PASILLO-04,20.13,50.56,19.2,2026-09-26T20:58:27+00:00
2026-09-26T15:59:27-05:00,2026-09-26T20:59:27+00:00,Python SDK azure-iot-device (MQTT sobre WebSockets 443),DC-PASILLO-04,20.34,50.29,20.2,2026-09-26T20:59:27+00:00
2026-09-26T16:00:28-05:00,2026-09-26T21:00:28+00:00,Python SDK azure-iot-device (MQTT sobre WebSockets 443),DC-PASILLO-04,20.05,50.79,22.0,2026-09-26T21:00:27+00:00
2026-09-26T16:01:28-05:00,2026-09-26T21:01:28+00:00,Python SDK azure-iot-device (MQTT sobre WebSockets 443),DC-PASILLO-04,19.98,51.28,21.7,2026-09-26T21:01:28+00:00
2026-09-26T16:02:28-05:00,2026-09-26T21:02:28+00:00,Python SDK azure-iot-device (MQTT sobre WebSockets 443),DC-PASILLO-04,20.25,51.47,19.9,2026-09-26T21:02:28+00:00
2026-09-26T16:03:28-05:00,2026-09-26T21:03:28+00:00,Python SDK azure-iot-device (MQTT sobre WebSockets 443),DC-PASILLO-04,20.23,50.71,18.6,2026-09-26T21:03:28+00:00
2026-09-26T16:04:28-05:00,2026-09-26T21:04:28+00:00,Python SDK azure-iot-device (MQTT sobre WebSockets 443),DC-PASILLO-04,20.33,50.79,18.4,2026-09-26T21:04:28+00:00
2026-09-26T16:05:28-05:00,2026-09-26T21:05:28+00:00,Python SDK azure-iot-device (MQTT sobre WebSockets 443),DC-PASILLO-04,20.02,50.72,19.0,2026-09-26T21:05:28+00:00
2026-09-26T16:06:28-05:00,2026-09-26T21:06:28+00:00,Python SDK azure-iot-device (MQTT sobre WebSockets 443),DC-PASILLO-04,20.07,50.71,18.5,2026-09-26T21:06:28+00:00
2026-09-26T16:07:28-05:00,2026-09-26T21:07:28+00:00,Python SDK azure-iot-device (MQTT sobre WebSockets 443),DC-PASILLO-04,20.31,50.49,17.6,2026-09-26T21:07:28+00:00
2026-09-26T16:08:28-05:00,2026-09-26T21:08:28+00:00,Python SDK azure-iot-device (MQTT sobre WebSockets 443),DC-PASILLO-04,20.45,50.22,20.8,2026-09-26T21:08:28+00:00
2026-09-26T16:09:29-05:00,2026-09-26T21:09:29+00:00,Python SDK azure-iot-device (MQTT sobre WebSockets 443),DC-PASILLO-04,20.33,50.26,21.5,2026-09-26T21:09:28+00:00
2026-09-26T16:10:29-05:00,2026-09-26T21:10:29+00:00,Python SDK azure-iot-device (MQTT sobre WebSockets 443),DC-PASILLO-04,20.38,50.57,19.1,2026-09-26T21:10:29+00:00
2026-09-26T16:11:29-05:00,2026-09-26T21:11:29+00:00,Python SDK azure-iot-device (MQTT sobre WebSockets 443),DC-PASILLO-04,20.18,51.49,18.0,2026-09-26T21:11:29+00:00
2026-09-26T16:12:29-05:00,2026-09-26T21:12:29+00:00,Python SDK azure-iot-device (MQTT sobre WebSockets 443),DC-PASILLO-04,19.99,51.15,20.5,2026-09-26T21:12:29+00:00
2026-09-26T16:13:29-05:00,2026-09-26T21:13:29+00:00,Python SDK azure-iot-device (MQTT sobre WebSockets 443),DC-PASILLO-04,20.26,50.67,21.5,2026-09-26T21:13:29+00:00
2026-09-26T16:14:29-05:00,2026-09-26T21:14:29+00:00,Python SDK azure-iot-device (MQTT sobre WebSockets 443),DC-PASILLO-04,20.27,51.37,17.4,2026-09-26T21:14:29+00:00
2026-09-26T16:15:29-05:00,2026-09-26T21:15:29+00:00,Python SDK azure-iot-device (MQTT sobre WebSockets 443),DC-PASILLO-04,20.08,51.34,20.4,2026-09-26T21:15:29+00:00
2026-09-26T16:16:29-05:00,2026-09-26T21:16:29+00:00,Python SDK azure-iot-device (MQTT sobre WebSockets 443),DC-PASILLO-04,20.39,51.17,17.7,2026-09-26T21:16:29+00:00
2026-09-26T16:17:29-05:00,2026-09-26T21:17:29+00:00,Python SDK azure-iot-device (MQTT sobre WebSockets 443),DC-PASILLO-04,20.06,51.66,20.7,2026-09-26T21:17:29+00:00
2026-09-26T16:18:29-05:00,2026-09-26T21:18:29+00:00,Python SDK azure-iot-device (MQTT sobre WebSockets 443),DC-PASILLO-04,20.37,50.81,19.4,2026-09-26T21:18:29+00:00
2026-09-26T16:19:30-05:00,2026-09-26T21:19:30+00:00,Python SDK azure-iot-device (MQTT sobre WebSockets 443),DC-PASILLO-04,20.01,51.66,20.4,2026-09-26T21:19:29+00:00
2026-09-26T16:20:30-05:00,2026-09-26T21:20:30+00:00,Python SDK azure-iot-device (MQTT sobre WebSockets 443),DC-PASILLO-04,20.52,50.89,20.8,2026-09-26T21:20:30+00:00
2026-09-26T16:21:30-05:00,2026-09-26T21:21:30+00:00,Python SDK azure-iot-device (MQTT sobre WebSockets 443),DC-PASILLO-04,20.04,50.15,18.9,2026-09-26T21:21:30+00:00
2026-09-26T16:22:30-05:00,2026-09-26T21:22:30+00:00,Python SDK azure-iot-device (MQTT sobre WebSockets 443),DC-PASILLO-04,20.55,51.03,19.4,2026-09-26T21:22:30+00:00
2026-09-26T16:23:30-05:00,2026-09-26T21:23:30+00:00,Python SDK azure-iot-device (MQTT sobre WebSockets 443),DC-PASILLO-04,20.33,51.48,19.3,2026-09-26T21:23:30+00:00
2026-09-26T16:24:30-05:00,2026-09-26T21:24:30+00:00,Python SDK azure-iot-device (MQTT sobre WebSockets 443),DC-PASILLO-04,20.45,51.35,17.5,2026-09-26T21:24:30+00:00
2026-09-26T16:25:30-05:00,2026-09-26T21:25:30+00:00,Python SDK azure-iot-device (MQTT sobre WebSockets 443),DC-PASILLO-04,20.05,49.89,17.3,2026-09-26T21:25:30+00:00
2026-09-26T16:26:30-05:00,2026-09-26T21:26:30+00:00,Python SDK azure-iot-device (MQTT sobre WebSockets 443),DC-PASILLO-04,20.16,50.36,18.5,2026-09-26T21:26:30+00:00
2026-09-26T16:27:30-05:00,2026-09-26T21:27:30+00:00,Python SDK azure-iot-device (MQTT sobre WebSockets 443),DC-PASILLO-04,20.37,50.59,17.2,2026-09-26T21:27:30+00:00
2026-09-26T16:28:30-05:00,2026-09-26T21:28:30+00:00,Python SDK azure-iot-device (MQTT sobre WebSockets 443),DC-PASILLO-04,20.35,50.34,20.9,2026-09-26T21:28:30+00:00
2026-09-26T16:29:31-05:00,2026-09-26T21:29:31+00:00,Python SDK azure-iot-device (MQTT sobre WebSockets 443),DC-PASILLO-04,20.52,50.32,19.9,2026-09-26T21:29:30+00:00
2026-09-26T16:30:31-05:00,2026-09-26T21:30:31+00:00,Python SDK azure-iot-device (MQTT sobre WebSockets 443),DC-PASILLO-04,20.55,50.21,18.8,2026-09-26T21:30:31+00:00
2026-09-26T16:31:31-05:00,2026-09-26T21:31:31+00:00,Python SDK azure-iot-device (MQTT sobre WebSockets 443),DC-PASILLO-04,20.16,51.47,20.1,2026-09-26T21:31:31+00:00
2026-09-26T16:32:31-05:00,2026-09-26T21:32:31+00:00,Python SDK azure-iot-device (MQTT sobre WebSockets 443),DC-PASILLO-04,20.39,50.22,21.3,2026-09-26T21:32:31+00:00
2026-09-26T16:33:31-05:00,2026-09-26T21:33:31+00:00,Python SDK azure-iot-device (MQTT sobre WebSockets 443),DC-PASILLO-04,20.18,51.44,19.9,2026-09-26T21:33:31+00:00
2026-09-26T16:34:31-05:00,2026-09-26T21:34:31+00:00,Python SDK azure-iot-device (MQTT sobre WebSockets 443),DC-PASILLO-04,20.29,49.77,20.0,2026-09-26T21:34:31+00:00
2026-09-26T16:35:31-05:00,2026-09-26T21:35:31+00:00,Python SDK azure-iot-device (MQTT sobre WebSockets 443),DC-PASILLO-04,20.18,50.61,18.9,2026-09-26T21:35:31+00:00
2026-09-26T16:36:31-05:00,2026-09-26T21:36:31+00:00,Python SDK azure-iot-device (MQTT sobre WebSockets 443),DC-PASILLO-04,20.47,50.79,21.9,2026-09-26T21:36:31+00:00
2026-09-26T16:37:31-05:00,2026-09-26T21:37:31+00:00,Python SDK azure-iot-device (MQTT sobre WebSockets 443),DC-PASILLO-04,20.51,50.8,19.2,2026-09-26T21:37:31+00:00
2026-09-26T16:38:32-05:00,2026-09-26T21:38:32+00:00,Python SDK azure-iot-device (MQTT sobre WebSockets 443),DC-PASILLO-04,20.53,50.96,21.6,2026-09-26T21:38:31+00:00
2026-09-26T16:39:32-05:00,2026-09-26T21:39:32+00:00,Python SDK azure-iot-device (MQTT sobre WebSockets 443),DC-PASILLO-04,20.5,49.57,18.0,2026-09-26T21:39:32+00:00
2026-09-26T16:40:32-05:00,2026-09-26T21:40:32+00:00,Python SDK azure-iot-device (MQTT sobre WebSockets 443),DC-PASILLO-04,20.34,50.19,19.9,2026-09-26T21:40:32+00:00
2026-09-26T16:41:32-05:00,2026-09-26T21:41:32+00:00,Python SDK azure-iot-device (MQTT sobre WebSockets 443),DC-PASILLO-04,20.34,51.29,20.2,2026-09-26T21:41:32+00:00
2026-09-26T16:42:32-05:00,2026-09-26T21:42:32+00:00,Python SDK azure-iot-device (MQTT sobre WebSockets 443),DC-PASILLO-04,20.24,51.2,21.7,2026-09-26T21:42:32+00:00
2026-09-26T16:43:32-05:00,2026-09-26T21:43:32+00:00,Python SDK azure-iot-device (MQTT sobre WebSockets 443),DC-PASILLO-04,20.28,49.9,19.2,2026-09-26T21:43:32+00:00
2026-09-26T16:44:32-05:00,2026-09-26T21:44:32+00:00,Python SDK azure-iot-device (MQTT sobre WebSockets 443),DC-PASILLO-04,20.49,50.74,18.3,2026-09-26T21:44:32+00:00
2026-09-26T16:45:32-05:00,2026-09-26T21:45:32+00:00,Python SDK azure-iot-device (MQTT sobre WebSockets 443),DC-PASILLO-04,20.22,49.67,20.0,2026-09-26T21:45:32+00:00
2026-09-26T16:46:32-05:00,2026-09-26T21:46:32+00:00,Python SDK azure-iot-device (MQTT sobre WebSockets 443),DC-PASILLO-04,20.29,50.71,20.5,2026-09-26T21:46:32+00:00
2026-09-26T16:47:33-05:00,2026-09-26T21:47:33+00:00,Python SDK azure-iot-device (MQTT sobre WebSockets 443),DC-PASILLO-04,19.98,51.06,17.3,2026-09-26T21:47:32+00:00
2026-09-26T16:48:33-05:00,2026-09-26T21:48:33+00:00,Python SDK azure-iot-device (MQTT sobre WebSockets 443),DC-PASILLO-04,20.17,50.9,19.5,2026-09-26T21:48:33+00:00
2026-09-26T16:49:33-05:00,2026-09-26T21:49:33+00:00,Python SDK azure-iot-device (MQTT sobre WebSockets 443),DC-PASILLO-04,20.33,49.67,19.5,2026-09-26T21:49:33+00:00
2026-09-26T16:50:33-05:00,2026-09-26T21:50:33+00:00,Python SDK azure-iot-device (MQTT sobre WebSockets 443),DC-PASILLO-04,20.28,51.14,19.2,2026-09-26T21:50:33+00:00
2026-09-26T16:51:33-05:00,2026-09-26T21:51:33+00:00,Python SDK azure-iot-device (MQTT sobre WebSockets 443),DC-PASILLO-04,20.0,50.15,18.9,2026-09-26T21:51:33+00:00
2026-09-26T16:52:33-05:00,2026-09-26T21:52:33+00:00,Python SDK azure-iot-device (MQTT sobre WebSockets 443),DC-PASILLO-04,20.48,49.69,22.0,2026-09-26T21:52:33+00:00
2026-09-26T16:53:33-05:00,2026-09-26T21:53:33+00:00,Python SDK azure-iot-device (MQTT sobre WebSockets 443),DC-PASILLO-04,20.02,50.09,18.7,2026-09-26T21:53:33+00:00
2026-09-26T16:54:33-05:00,2026-09-26T21:54:33+00:00,Python SDK azure-iot-device (MQTT sobre WebSockets 443),DC-PASILLO-04,20.14,50.09,18.6,2026-09-26T21:54:33+00:00
2026-09-26T16:55:33-05:00,2026-09-26T21:55:33+00:00,Python SDK azure-iot-device (MQTT sobre WebSockets 443),DC-PASILLO-04,20.23,49.39,22.0,2026-09-26T21:55:33+00:00
2026-09-26T16:56:34-05:00,2026-09-26T21:56:34+00:00,Python SDK azure-iot-device (MQTT sobre WebSockets 443),DC-PASILLO-04,20.27,49.63,18.3,2026-09-26T21:56:33+00:00
2026-09-26T16:57:34-05:00,2026-09-26T21:57:34+00:00,Python SDK azure-iot-device (MQTT sobre WebSockets 443),DC-PASILLO-04,20.44,50.89,19.6,2026-09-26T21:57:34+00:00
2026-09-26T16:58:34-05:00,2026-09-26T21:58:34+00:00,Python SDK azure-iot-device (MQTT sobre WebSockets 443),DC-PASILLO-04,20.43,49.7,17.8,2026-09-26T21:58:34+00:00
2026-09-26T16:59:34-05:00,2026-09-26T21:59:34+00:00,Python SDK azure-iot-device (MQTT sobre WebSockets 443),DC-PASILLO-04,20.2,49.8,19.8,2026-09-26T21:59:34+00:00
2026-09-26T17:00:34-05:00,2026-09-26T22:00:34+00:00,Python SDK azure-iot-device (MQTT sobre WebSockets 443),DC-PASILLO-04,20.51,50.76,19.7,2026-09-26T22:00:34+00:00
2026-09-26T17:01:34-05:00,2026-09-26T22:01:34+00:00,Python SDK azure-iot-device (MQTT sobre WebSockets 443),DC-PASILLO-04,20.33,50.64,20.8,2026-09-26T22:01:34+00:00
2026-09-26T17:02:34-05:00,2026-09-26T22:02:34+00:00,Python SDK azure-iot-device (MQTT sobre WebSockets 443),DC-PASILLO-04,20.13,49.86,19.3,2026-09-26T22:02:34+00:00
2026-09-26T17:03:34-05:00,2026-09-26T22:03:34+00:00,Python SDK azure-iot-device (MQTT sobre WebSockets 443),DC-PASILLO-04,20.19,50.86,18.7,2026-09-26T22:03:34+00:00
2026-09-26T17:04:34-05:00,2026-09-26T22:04:34+00:00,Python SDK azure-iot-device (MQTT sobre WebSockets 443),DC-PASILLO-04,20.07,49.65,19.5,2026-09-26T22:04:34+00:00
2026-09-26T17:05:34-05:00,2026-09-26T22:05:34+00:00,Python SDK azure-iot-device (MQTT sobre WebSockets 443),DC-PASILLO-04,20.1,50.01,18.5,2026-09-26T22:05:34+00:00
2026-09-26T17:06:35-05:00,2026-09-26T22:06:35+00:00,Python SDK azure-iot-device (MQTT sobre WebSockets 443),DC-PASILLO-04,20.11,50.33,21.7,2026-09-26T22:06:34+00:00
2026-09-26T17:07:35-05:00,2026-09-26T22:07:35+00:00,Python SDK azure-iot-device (MQTT sobre WebSockets 443),DC-PASILLO-04,20.4,49.37,20.9,2026-09-26T22:07:35+00:00
2026-09-26T17:08:35-05:00,2026-09-26T22:08:35+00:00,Python SDK azure-iot-device (MQTT sobre WebSockets 443),DC-PASILLO-04,20.54,49.08,20.3,2026-09-26T22:08:35+00:00
2026-09-26T17:09:35-05:00,2026-09-26T22:09:35+00:00,Python SDK azure-iot-device (MQTT sobre WebSockets 443),DC-PASILLO-04,20.34,49.2,18.7,2026-09-26T22:09:35+00:00
2026-09-26T17:10:35-05:00,2026-09-26T22:10:35+00:00,Python SDK azure-iot-device (MQTT sobre WebSockets 443),DC-PASILLO-04,20.2,50.56,18.7,2026-09-26T22:10:35+00:00
2026-09-26T17:11:35-05:00,2026-09-26T22:11:35+00:00,Python SDK azure-iot-device (MQTT sobre WebSockets 443),DC-PASILLO-04,20.43,50.59,19.0,2026-09-26T22:11:35+00:00
2026-09-26T17:12:35-05:00,2026-09-26T22:12:35+00:00,Python SDK azure-iot-device (MQTT sobre WebSockets 443),DC-PASILLO-04,20.4,50.06,17.9,2026-09-26T22:12:35+00:00
2026-09-26T17:13:35-05:00,2026-09-26T22:13:35+00:00,Python SDK azure-iot-device (MQTT sobre WebSockets 443),DC-PASILLO-04,20.26,50.15,19.6,2026-09-26T22:13:35+00:00
2026-09-26T17:14:35-05:00,2026-09-26T22:14:35+00:00,Python SDK azure-iot-device (MQTT sobre WebSockets 443),DC-PASILLO-04,20.29,49.66,21.1,2026-09-26T22:14:35+00:00
2026-09-26T17:15:36-05:00,2026-09-26T22:15:36+00:00,Python SDK azure-iot-device (MQTT sobre WebSockets 443),DC-PASILLO-04,20.16,48.77,21.8,2026-09-26T22:15:35+00:00
2026-09-26T17:16:36-05:00,2026-09-26T22:16:36+00:00,Python SDK azure-iot-device (MQTT sobre WebSockets 443),DC-PASILLO-04,19.93,48.75,17.9,2026-09-26T22:16:36+00:00
2026-09-26T17:17:36-05:00,2026-09-26T22:17:36+00:00,Python SDK azure-iot-device (MQTT sobre WebSockets 443),DC-PASILLO-04,20.06,48.84,19.9,2026-09-26T22:17:36+00:00
2026-09-26T17:18:36-05:00,2026-09-26T22:18:36+00:00,Python SDK azure-iot-device (MQTT sobre WebSockets 443),DC-PASILLO-04,20.2,49.5,20.3,2026-09-26T22:18:36+00:00
2026-09-26T17:19:36-05:00,2026-09-26T22:19:36+00:00,Python SDK azure-iot-device (MQTT sobre WebSockets 443),DC-PASILLO-04,20.36,49.26,20.0,2026-09-26T22:19:36+00:00
2026-09-26T17:20:36-05:00,2026-09-26T22:20:36+00:00,Python SDK azure-iot-device (MQTT sobre WebSockets 443),DC-PASILLO-04,20.09,49.0,19.0,2026-09-26T22:20:36+00:00
2026-09-26T17:21:36-05:00,2026-09-26T22:21:36+00:00,Python SDK azure-iot-device (MQTT sobre WebSockets 443),DC-PASILLO-04,19.93,48.76,20.5,2026-09-26T22:21:36+00:00
2026-09-26T17:22:36-05:00,2026-09-26T22:22:36+00:00,Python SDK azure-iot-device (MQTT sobre WebSockets 443),DC-PASILLO-04,20.3,48.98,18.3,2026-09-26T22:22:36+00:00
2026-09-26T17:23:36-05:00,2026-09-26T22:23:36+00:00,Python SDK azure-iot-device (MQTT sobre WebSockets 443),DC-PASILLO-04,19.98,49.82,21.9,2026-09-26T22:23:36+00:00
2026-09-26T17:24:36-05:00,2026-09-26T22:24:36+00:00,Python SDK azure-iot-device (MQTT sobre WebSockets 443),DC-PASILLO-04,20.03,48.68,19.0,2026-09-26T22:24:36+00:00
2026-09-26T17:25:37-05:00,2026-09-26T22:25:37+00:00,Python SDK azure-iot-device (MQTT sobre WebSockets 443),DC-PASILLO-04,20.43,49.57,17.6,2026-09-26T22:25:36+00:00
2026-09-26T17:26:37-05:00,2026-09-26T22:26:37+00:00,Python SDK azure-iot-device (MQTT sobre WebSockets 443),DC-PASILLO-04,20.34,49.11,17.9,2026-09-26T22:26:37+00:00
2026-09-26T17:27:37-05:00,2026-09-26T22:27:37+00:00,Python SDK azure-iot-device (MQTT sobre WebSockets 443),DC-PASILLO-04,20.34,49.98,21.9,2026-09-26T22:27:37+00:00
2026-09-26T17:28:37-05:00,2026-09-26T22:28:37+00:00,Python SDK azure-iot-device (MQTT sobre WebSockets 443),DC-PASILLO-04,20.33,50.44,22.1,2026-09-26T22:28:37+00:00
2026-09-26T17:29:37-05:00,2026-09-26T22:29:37+00:00,Python SDK azure-iot-device (MQTT sobre WebSockets 443),DC-PASILLO-04,20.39,49.77,19.8,2026-09-26T22:29:37+00:00
2026-09-26T17:30:37-05:00,2026-09-26T22:30:37+00:00,Python SDK azure-iot-device (MQTT sobre WebSockets 443),DC-PASILLO-04,20.02,49.14,19.2,2026-09-26T22:30:37+00:00
2026-09-26T17:31:37-05:00,2026-09-26T22:31:37+00:00,Python SDK azure-iot-device (MQTT sobre WebSockets 443),DC-PASILLO-04,20.26,49.17,18.8,2026-09-26T22:31:37+00:00
2026-09-26T17:32:37-05:00,2026-09-26T22:32:37+00:00,Python SDK azure-iot-device (MQTT sobre WebSockets 443),DC-PASILLO-04,20.35,50.05,20.3,2026-09-26T22:32:37+00:00
2026-09-26T17:33:37-05:00,2026-09-26T22:33:37+00:00,Python SDK azure-iot-device (MQTT sobre WebSockets 443),DC-PASILLO-04,20.52,48.57,20.7,2026-09-26T22:33:37+00:00
2026-09-26T17:34:38-05:00,2026-09-26T22:34:38+00:00,Python SDK azure-iot-device (MQTT sobre WebSockets 443),DC-PASILLO-04,20.03,49.12,20.1,2026-09-26T22:34:37+00:00
2026-09-26T17:35:38-05:00,2026-09-26T22:35:38+00:00,Python SDK azure-iot-device (MQTT sobre WebSockets 443),DC-PASILLO-04,20.38,49.77,19.4,2026-09-26T22:35:38+00:00
2026-09-26T17:36:38-05:00,2026-09-26T22:36:38+00:00,Python SDK azure-iot-device (MQTT sobre WebSockets 443),DC-PASILLO-04,20.24,49.48,17.2,2026-09-26T22:36:38+00:00
2026-09-26T17:37:38-05:00,2026-09-26T22:37:38+00:00,Python SDK azure-iot-device (MQTT sobre WebSockets 443),DC-PASILLO-04,20.1,49.38,21.5,2026-09-26T22:37:38+00:00
2026-09-26T17:38:38-05:00,2026-09-26T22:38:38+00:00,Python SDK azure-iot-device (MQTT sobre WebSockets 443),DC-PASILLO-04,19.92,48.73,20.5,2026-09-26T22:38:38+00:00
2026-09-26T17:39:38-05:00,2026-09-26T22:39:38+00:00,Python SDK azure-iot-device (MQTT sobre WebSockets 443),DC-PASILLO-04,20.11,49.77,21.3,2026-09-26T22:39:38+00:00
2026-09-26T17:40:38-05:00,2026-09-26T22:40:38+00:00,Python SDK azure-iot-device (MQTT sobre WebSockets 443),DC-PASILLO-04,20.13,48.53,18.3,2026-09-26T22:40:38+00:00
2026-09-26T17:41:38-05:00,2026-09-26T22:41:38+00:00,Python SDK azure-iot-device (MQTT sobre WebSockets 443),DC-PASILLO-04,20.17,50.18,17.7,2026-09-26T22:41:38+00:00
2026-09-26T17:42:38-05:00,2026-09-26T22:42:38+00:00,Python SDK azure-iot-device (MQTT sobre WebSockets 443),DC-PASILLO-04,20.49,49.24,21.8,2026-09-26T22:42:38+00:00
2026-09-26T17:43:39-05:00,2026-09-26T22:43:39+00:00,Python SDK azure-iot-device (MQTT sobre WebSockets 443),DC-PASILLO-04,20.48,48.56,21.3,2026-09-26T22:43:38+00:00
2026-09-26T17:44:39-05:00,2026-09-26T22:44:39+00:00,Python SDK azure-iot-device (MQTT sobre WebSockets 443),DC-PASILLO-04,20.1,49.49,18.1,2026-09-26T22:44:39+00:00
2026-09-26T17:45:39-05:00,2026-09-26T22:45:39+00:00,Python SDK azure-iot-device (MQTT sobre WebSockets 443),DC-PASILLO-04,20.04,49.12,19.3,2026-09-26T22:45:39+00:00
2026-09-26T17:46:39-05:00,2026-09-26T22:46:39+00:00,Python SDK azure-iot-device (MQTT sobre WebSockets 443),DC-PASILLO-04,20.05,49.1,18.7,2026-09-26T22:46:39+00:00
2026-09-26T17:47:39-05:00,2026-09-26T22:47:39+00:00,Python SDK azure-iot-device (MQTT sobre WebSockets 443),DC-PASILLO-04,20.19,49.75,21.4,2026-09-26T22:47:39+00:00
2026-09-26T17:48:39-05:00,2026-09-26T22:48:39+00:00,Python SDK azure-iot-device (MQTT sobre WebSockets 443),DC-PASILLO-04,20.06,48.93,18.6,2026-09-26T22:48:39+00:00
2026-09-26T17:49:39-05:00,2026-09-26T22:49:39+00:00,Python SDK azure-iot-device (MQTT sobre WebSockets 443),DC-PASILLO-04,20.0,48.35,18.1,2026-09-26T22:49:39+00:00
2026-09-26T17:50:39-05:00,2026-09-26T22:50:39+00:00,Python SDK azure-iot-device (MQTT sobre WebSockets 443),DC-PASILLO-04,20.25,48.39,20.4,2026-09-26T22:50:39+00:00
2026-09-26T17:51:39-05:00,2026-09-26T22:51:39+00:00,Python SDK azure-iot-device (MQTT sobre WebSockets 443),DC-PASILLO-04,20.44,49.27,18.7,2026-09-26T22:51:39+00:00
2026-09-26T17:52:39-05:00,2026-09-26T22:52:39+00:00,Python SDK azure-iot-device (MQTT sobre WebSockets 443),DC-PASILLO-04,19.98,48.84,21.7,2026-09-26T22:52:39+00:00
2026-09-26T17:53:40-05:00,2026-09-26T22:53:40+00:00,Python SDK azure-iot-device (MQTT sobre WebSockets 443),DC-PASILLO-04,20.08,49.9,21.3,2026-09-26T22:53:39+00:00
2026-09-26T17:54:40-05:00,2026-09-26T22:54:40+00:00,Python SDK azure-iot-device (MQTT sobre WebSockets 443),DC-PASILLO-04,20.33,48.37,18.6,2026-09-26T22:54:40+00:00
2026-09-26T17:55:40-05:00,2026-09-26T22:55:40+00:00,Python SDK azure-iot-device (MQTT sobre WebSockets 443),DC-PASILLO-04,20.24,49.03,17.5,2026-09-26T22:55:40+00:00
2026-09-26T17:56:40-05:00,2026-09-26T22:56:40+00:00,Python SDK azure-iot-device (MQTT sobre WebSockets 443),DC-PASILLO-04,20.07,49.46,17.6,2026-09-26T22:56:40+00:00
2026-09-26T17:57:40-05:00,2026-09-26T22:57:40+00:00,Python SDK azure-iot-device (MQTT sobre WebSockets 443),DC-PASILLO-04,20.07,49.26,18.9,2026-09-26T22:57:40+00:00
2026-09-26T17:58:40-05:00,2026-09-26T22:58:40+00:00,Python SDK azure-iot-device (MQTT sobre WebSockets 443),DC-PASILLO-04,19.9,48.61,17.3,2026-09-26T22:58:40+00:00
2026-09-26T17:59:40-05:00,2026-09-26T22:59:40+00:00,Python SDK azure-iot-device (MQTT sobre WebSockets 443),DC-PASILLO-04,20.51,49.85,18.9,2026-09-26T22:59:40+00:00
2026-09-26T18:00:40-05:00,2026-09-26T23:00:40+00:00,Python SDK azure-iot-device (MQTT sobre WebSockets 443),DC-PASILLO-04,19.92,48.34,16.9,2026-09-26T23:00:40+00:00
2026-09-26T18:01:40-05:00,2026-09-26T23:01:40+00:00,Python SDK azure-iot-device (MQTT sobre WebSockets 443),DC-PASILLO-04,20.5,49.73,20.0,2026-09-26T23:01:40+00:00
2026-09-26T18:02:41-05:00,2026-09-26T23:02:41+00:00,Python SDK azure-iot-device (MQTT sobre WebSockets 443),DC-PASILLO-04,20.17,49.83,20.2,2026-09-26T23:02:40+00:00
2026-09-26T18:03:41-05:00,2026-09-26T23:03:41+00:00,Python SDK azure-iot-device (MQTT sobre WebSockets 443),DC-PASILLO-04,20.19,48.67,17.2,2026-09-26T23:03:41+00:00
2026-09-26T18:04:41-05:00,2026-09-26T23:04:41+00:00,Python SDK azure-iot-device (MQTT sobre WebSockets 443),DC-PASILLO-04,20.06,48.48,21.9,2026-09-26T23:04:41+00:00
2026-09-26T18:05:41-05:00,2026-09-26T23:05:41+00:00,Python SDK azure-iot-device (MQTT sobre WebSockets 443),DC-PASILLO-04,20.52,48.17,18.6,2026-09-26T23:05:41+00:00
2026-09-26T18:06:41-05:00,2026-09-26T23:06:41+00:00,Python SDK azure-iot-device (MQTT sobre WebSockets 443),DC-PASILLO-04,19.96,48.68,20.9,2026-09-26T23:06:41+00:00
2026-09-26T18:07:41-05:00,2026-09-26T23:07:41+00:00,Python SDK azure-iot-device (MQTT sobre WebSockets 443),DC-PASILLO-04,20.18,49.73,21.5,2026-09-26T23:07:41+00:00
2026-09-27T10:28:16-05:00,2026-09-27T15:28:16+00:00,Python SDK azure-iot-device (MQTT sobre WebSockets 443),DC-PASILLO-04,20.11,53.05,17.8,2026-09-27T15:28:15+00:00
2026-09-27T10:29:16-05:00,2026-09-27T15:29:16+00:00,Python SDK azure-iot-device (MQTT sobre WebSockets 443),DC-PASILLO-04,20.24,53.01,20.8,2026-09-27T15:29:16+00:00
2026-09-27T10:30:16-05:00,2026-09-27T15:30:16+00:00,Python SDK azure-iot-device (MQTT sobre WebSockets 443),DC-PASILLO-04,20.15,53.26,17.7,2026-09-27T15:30:16+00:00
2026-09-27T10:31:16-05:00,2026-09-27T15:31:16+00:00,Python SDK azure-iot-device (MQTT sobre WebSockets 443),DC-PASILLO-04,20.38,53.06,20.2,2026-09-27T15:31:16+00:00
2026-09-27T10:32:16-05:00,2026-09-27T15:32:16+00:00,Python SDK azure-iot-device (MQTT sobre WebSockets 443),DC-PASILLO-04,20.09,53.36,21.4,2026-09-27T15:32:16+00:00
2026-09-27T10:33:16-05:00,2026-09-27T15:33:16+00:00,Python SDK azure-iot-device (MQTT sobre WebSockets 443),DC-PASILLO-04,19.96,54.49,18.8,2026-09-27T15:33:16+00:00
2026-09-27T10:34:16-05:00,2026-09-27T15:34:16+00:00,Python SDK azure-iot-device (MQTT sobre WebSockets 443),DC-PASILLO-04,20.36,54.78,21.3,2026-09-27T15:34:16+00:00
2026-09-27T10:35:16-05:00,2026-09-27T15:35:16+00:00,Python SDK azure-iot-device (MQTT sobre WebSockets 443),DC-PASILLO-04,20.34,53.26,20.3,2026-09-27T15:35:16+00:00
2026-09-27T10:36:16-05:00,2026-09-27T15:36:16+00:00,Python SDK azure-iot-device (MQTT sobre WebSockets 443),DC-PASILLO-04,20.34,53.04,17.7,2026-09-27T15:36:16+00:00
2026-09-27T10:37:17-05:00,2026-09-27T15:37:17+00:00,Python SDK azure-iot-device (MQTT sobre WebSockets 443),DC-PASILLO-04,20.41,53.93,19.1,2026-09-27T15:37:16+00:00
2026-09-27T10:38:17-05:00,2026-09-27T15:38:17+00:00,Python SDK azure-iot-device (MQTT sobre WebSockets 443),DC-PASILLO-04,20.03,53.8,21.5,2026-09-27T15:38:17+00:00
2026-09-27T10:39:17-05:00,2026-09-27T15:39:17+00:00,Python SDK azure-iot-device (MQTT sobre WebSockets 443),DC-PASILLO-04,20.11,52.99,21.1,2026-09-27T15:39:17+00:00
2026-09-27T10:40:17-05:00,2026-09-27T15:40:17+00:00,Python SDK azure-iot-device (MQTT sobre WebSockets 443),DC-PASILLO-04,20.01,54.7,20.8,2026-09-27T15:40:17+00:00
2026-09-27T10:41:17-05:00,2026-09-27T15:41:17+00:00,Python SDK azure-iot-device (MQTT sobre WebSockets 443),DC-PASILLO-04,20.38,54.89,17.3,2026-09-27T15:41:17+00:00
2026-09-27T10:42:17-05:00,2026-09-27T15:42:17+00:00,Python SDK azure-iot-device (MQTT sobre WebSockets 443),DC-PASILLO-04,20.29,53.89,19.9,2026-09-27T15:42:17+00:00
2026-09-27T10:43:17-05:00,2026-09-27T15:43:17+00:00,Python SDK azure-iot-device (MQTT sobre WebSockets 443),DC-PASILLO-04,20.13,53.79,19.6,2026-09-27T15:43:17+00:00
2026-09-27T10:44:17-05:00,2026-09-27T15:44:17+00:00,Python SDK azure-iot-device (MQTT sobre WebSockets 443),DC-PASILLO-04,19.9,54.52,17.4,2026-09-27T15:44:17+00:00
2026-09-27T10:45:17-05:00,2026-09-27T15:45:17+00:00,Python SDK azure-iot-device (MQTT sobre WebSockets 443),DC-PASILLO-04,20.0,53.54,20.8,2026-09-27T15:45:17+00:00
2026-09-27T10:46:17-05:00,2026-09-27T15:46:17+00:00,Python SDK azure-iot-device (MQTT sobre WebSockets 443),DC-PASILLO-04,20.04,53.64,20.5,2026-09-27T15:46:17+00:00
2026-09-27T10:47:18-05:00,2026-09-27T15:47:18+00:00,Python SDK azure-iot-device (MQTT sobre WebSockets 443),DC-PASILLO-04,19.97,53.95,17.9,2026-09-27T15:47:17+00:00
2026-09-27T10:48:18-05:00,2026-09-27T15:48:18+00:00,Python SDK azure-iot-device (MQTT sobre WebSockets 443),DC-PASILLO-04,20.03,54.93,19.8,2026-09-27T15:48:18+00:00
2026-09-27T10:49:18-05:00,2026-09-27T15:49:18+00:00,Python SDK azure-iot-device (MQTT sobre WebSockets 443),DC-PASILLO-04,19.9,53.52,17.9,2026-09-27T15:49:18+00:00
2026-09-27T10:50:18-05:00,2026-09-27T15:50:18+00:00,Python SDK azure-iot-device (MQTT sobre WebSockets 443),DC-PASILLO-04,20.14,54.67,20.3,2026-09-27T15:50:18+00:00
2026-09-27T10:51:18-05:00,2026-09-27T15:51:18+00:00,Python SDK azure-iot-device (MQTT sobre WebSockets 443),DC-PASILLO-04,20.25,54.35,16.9,2026-09-27T15:51:18+00:00
2026-09-27T10:52:18-05:00,2026-09-27T15:52:18+00:00,Python SDK azure-iot-device (MQTT sobre WebSockets 443),DC-PASILLO-04,20.08,54.55,21.5,2026-09-27T15:52:18+00:00
2026-09-27T10:53:18-05:00,2026-09-27T15:53:18+00:00,Python SDK azure-iot-device (MQTT sobre WebSockets 443),DC-PASILLO-04,20.1,53.36,20.9,2026-09-27T15:53:18+00:00
2026-09-27T10:54:18-05:00,2026-09-27T15:54:18+00:00,Python SDK azure-iot-device (MQTT sobre WebSockets 443),DC-PASILLO-04,20.29,53.14,17.3,2026-09-27T15:54:18+00:00
2026-09-27T10:55:18-05:00,2026-09-27T15:55:18+00:00,Python SDK azure-iot-device (MQTT sobre WebSockets 443),DC-PASILLO-04,20.46,53.76,17.6,2026-09-27T15:55:18+00:00
2026-09-27T10:56:19-05:00,2026-09-27T15:56:19+00:00,Python SDK azure-iot-device (MQTT sobre WebSockets 443),DC-PASILLO-04,19.91,54.86,20.7,2026-09-27T15:56:18+00:00
2026-09-27T10:57:19-05:00,2026-09-27T15:57:19+00:00,Python SDK azure-iot-device (MQTT sobre WebSockets 443),DC-PASILLO-04,20.11,53.72,16.8,2026-09-27T15:57:19+00:00
2026-09-27T10:58:19-05:00,2026-09-27T15:58:19+00:00,Python SDK azure-iot-device (MQTT sobre WebSockets 443),DC-PASILLO-04,19.91,54.72,20.5,2026-09-27T15:58:19+00:00
2026-09-27T10:59:19-05:00,2026-09-27T15:59:19+00:00,Python SDK azure-iot-device (MQTT sobre WebSockets 443),DC-PASILLO-04,20.35,53.99,18.0,2026-09-27T15:59:19+00:00
2026-09-27T11:00:19-05:00,2026-09-27T16:00:19+00:00,Python SDK azure-iot-device (MQTT sobre WebSockets 443),DC-PASILLO-04,20.21,53.72,19.5,2026-09-27T16:00:19+00:00
2026-09-27T11:01:19-05:00,2026-09-27T16:01:19+00:00,Python SDK azure-iot-device (MQTT sobre WebSockets 443),DC-PASILLO-04,19.94,54.5,16.9,2026-09-27T16:01:19+00:00
2026-09-27T11:02:19-05:00,2026-09-27T16:02:19+00:00,Python SDK azure-iot-device (MQTT sobre WebSockets 443),DC-PASILLO-04,20.23,54.77,18.5,2026-09-27T16:02:19+00:00
2026-09-27T11:03:19-05:00,2026-09-27T16:03:19+00:00,Python SDK azure-iot-device (MQTT sobre WebSockets 443),DC-PASILLO-04,20.14,54.17,16.6,2026-09-27T16:03:19+00:00
2026-09-27T11:04:19-05:00,2026-09-27T16:04:19+00:00,Python SDK azure-iot-device (MQTT sobre WebSockets 443),DC-PASILLO-04,20.34,53.13,20.8,2026-09-27T16:04:19+00:00
2026-09-27T11:05:19-05:00,2026-09-27T16:05:19+00:00,Python SDK azure-iot-device (MQTT sobre WebSockets 443),DC-PASILLO-04,20.46,53.28,18.2,2026-09-27T16:05:19+00:00
2026-09-27T11:06:20-05:00,2026-09-27T16:06:20+00:00,Python SDK azure-iot-device (MQTT sobre WebSockets 443),DC-PASILLO-04,20.01,54.19,19.4,2026-09-27T16:06:19+00:00
2026-09-27T11:07:20-05:00,2026-09-27T16:07:20+00:00,Python SDK azure-iot-device (MQTT sobre WebSockets 443),DC-PASILLO-04,20.2,53.37,20.8,2026-09-27T16:07:20+00:00
2026-09-27T11:08:20-05:00,2026-09-27T16:08:20+00:00,Python SDK azure-iot-device (MQTT sobre WebSockets 443),DC-PASILLO-04,20.25,53.2,21.6,2026-09-27T16:08:20+00:00
2026-09-27T11:09:20-05:00,2026-09-27T16:09:20+00:00,Python SDK azure-iot-device (MQTT sobre WebSockets 443),DC-PASILLO-04,20.33,54.39,20.9,2026-09-27T16:09:20+00:00
2026-09-27T11:10:20-05:00,2026-09-27T16:10:20+00:00,Python SDK azure-iot-device (MQTT sobre WebSockets 443),DC-PASILLO-04,20.18,54.39,17.0,2026-09-27T16:10:20+00:00
2026-09-27T11:11:20-05:00,2026-09-27T16:11:20+00:00,Python SDK azure-iot-device (MQTT sobre WebSockets 443),DC-PASILLO-04,20.44,54.36,17.1,2026-09-27T16:11:20+00:00
2026-09-27T11:12:20-05:00,2026-09-27T16:12:20+00:00,Python SDK azure-iot-device (MQTT sobre WebSockets 443),DC-PASILLO-04,20.04,54.21,19.8,2026-09-27T16:12:20+00:00
2026-09-27T11:13:20-05:00,2026-09-27T16:13:20+00:00,Python SDK azure-iot-device (MQTT sobre WebSockets 443),DC-PASILLO-04,19.97,53.96,20.6,2026-09-27T16:13:20+00:00
2026-09-27T11:14:20-05:00,2026-09-27T16:14:20+00:00,Python SDK azure-iot-device (MQTT sobre WebSockets 443),DC-PASILLO-04,20.45,53.05,20.0,2026-09-27T16:14:20+00:00
2026-09-27T11:15:20-05:00,2026-09-27T16:15:20+00:00,Python SDK azure-iot-device (MQTT sobre WebSockets 443),DC-PASILLO-04,20.29,54.19,21.1,2026-09-27T16:15:20+00:00
2026-09-27T11:16:21-05:00,2026-09-27T16:16:21+00:00,Python SDK azure-iot-device (MQTT sobre WebSockets 443),DC-PASILLO-04,20.01,53.23,20.9,2026-09-27T16:16:20+00:00
2026-09-27T11:17:21-05:00,2026-09-27T16:17:21+00:00,Python SDK azure-iot-device (MQTT sobre WebSockets 443),DC-PASILLO-04,20.44,53.05,16.8,2026-09-27T16:17:21+00:00
2026-09-27T11:18:21-05:00,2026-09-27T16:18:21+00:00,Python SDK azure-iot-device (MQTT sobre WebSockets 443),DC-PASILLO-04,20.47,54.11,20.8,2026-09-27T16:18:21+00:00
2026-09-27T11:19:21-05:00,2026-09-27T16:19:21+00:00,Python SDK azure-iot-device (MQTT sobre WebSockets 443),DC-PASILLO-04,20.36,53.79,17.2,2026-09-27T16:19:21+00:00
2026-09-27T11:20:21-05:00,2026-09-27T16:20:21+00:00,Python SDK azure-iot-device (MQTT sobre WebSockets 443),DC-PASILLO-04,20.17,54.74,18.1,2026-09-27T16:20:21+00:00
2026-09-27T11:21:21-05:00,2026-09-27T16:21:21+00:00,Python SDK azure-iot-device (MQTT sobre WebSockets 443),DC-PASILLO-04,20.37,54.58,21.4,2026-09-27T16:21:21+00:00
2026-09-27T11:22:21-05:00,2026-09-27T16:22:21+00:00,Python SDK azure-iot-device (MQTT sobre WebSockets 443),DC-PASILLO-04,20.26,53.66,16.8,2026-09-27T16:22:21+00:00
2026-09-27T11:23:21-05:00,2026-09-27T16:23:21+00:00,Python SDK azure-iot-device (MQTT sobre WebSockets 443),DC-PASILLO-04,20.48,53.27,19.2,2026-09-27T16:23:21+00:00
2026-09-27T11:24:21-05:00,2026-09-27T16:24:21+00:00,Python SDK azure-iot-device (MQTT sobre WebSockets 443),DC-PASILLO-04,20.34,54.08,19.8,2026-09-27T16:24:21+00:00
2026-09-27T11:25:22-05:00,2026-09-27T16:25:22+00:00,Python SDK azure-iot-device (MQTT sobre WebSockets 443),DC-PASILLO-04,20.19,53.6,21.6,2026-09-27T16:25:21+00:00
2026-09-27T11:26:22-05:00,2026-09-27T16:26:22+00:00,Python SDK azure-iot-device (MQTT sobre WebSockets 443),DC-PASILLO-04,20.1,54.53,17.6,2026-09-27T16:26:22+00:00
2026-09-27T11:27:22-05:00,2026-09-27T16:27:22+00:00,Python SDK azure-iot-device (MQTT sobre WebSockets 443),DC-PASILLO-04,20.28,53.61,20.0,2026-09-27T16:27:22+00:00
2026-09-27T11:28:22-05:00,2026-09-27T16:28:22+00:00,Python SDK azure-iot-device (MQTT sobre WebSockets 443),DC-PASILLO-04,20.3,54.73,19.5,2026-09-27T16:28:22+00:00
2026-09-27T11:29:22-05:00,2026-09-27T16:29:22+00:00,Python SDK azure-iot-device (MQTT sobre WebSockets 443),DC-PASILLO-04,20.16,54.38,20.1,2026-09-27T16:29:22+00:00
2026-09-27T11:30:22-05:00,2026-09-27T16:30:22+00:00,Python SDK azure-iot-device (MQTT sobre WebSockets 443),DC-PASILLO-04,20.18,54.9,19.1,2026-09-27T16:30:22+00:00
2026-09-27T11:31:22-05:00,2026-09-27T16:31:22+00:00,Python SDK azure-iot-device (MQTT sobre WebSockets 443),DC-PASILLO-04,20.49,54.32,17.5,2026-09-27T16:31:22+00:00
2026-09-27T11:32:22-05:00,2026-09-27T16:32:22+00:00,Python SDK azure-iot-device (MQTT sobre WebSockets 443),DC-PASILLO-04,19.95,54.5,17.2,2026-09-27T16:32:22+00:00
2026-09-27T11:33:22-05:00,2026-09-27T16:33:22+00:00,Python SDK azure-iot-device (MQTT sobre WebSockets 443),DC-PASILLO-04,20.4,54.57,21.4,2026-09-27T16:33:22+00:00
2026-09-27T11:34:23-05:00,2026-09-27T16:34:23+00:00,Python SDK azure-iot-device (MQTT sobre WebSockets 443),DC-PASILLO-04,20.1,53.13,20.2,2026-09-27T16:34:22+00:00
2026-09-27T11:35:23-05:00,2026-09-27T16:35:23+00:00,Python SDK azure-iot-device (MQTT sobre WebSockets 443),DC-PASILLO-04,20.47,53.31,20.5,2026-09-27T16:35:23+00:00
2026-09-27T11:36:23-05:00,2026-09-27T16:36:23+00:00,Python SDK azure-iot-device (MQTT sobre WebSockets 443),DC-PASILLO-04,20.05,54.04,19.2,2026-09-27T16:36:23+00:00
2026-09-27T11:37:23-05:00,2026-09-27T16:37:23+00:00,Python SDK azure-iot-device (MQTT sobre WebSockets 443),DC-PASILLO-04,20.44,54.48,20.9,2026-09-27T16:37:23+00:00
2026-09-27T11:38:23-05:00,2026-09-27T16:38:23+00:00,Python SDK azure-iot-device (MQTT sobre WebSockets 443),DC-PASILLO-04,19.93,54.27,19.3,2026-09-27T16:38:23+00:00
2026-09-27T11:39:23-05:00,2026-09-27T16:39:23+00:00,Python SDK azure-iot-device (MQTT sobre WebSockets 443),DC-PASILLO-04,20.19,54.32,16.8,2026-09-27T16:39:23+00:00
2026-09-27T11:40:23-05:00,2026-09-27T16:40:23+00:00,Python SDK azure-iot-device (MQTT sobre WebSockets 443),DC-PASILLO-04,20.0,54.22,17.0,2026-09-27T16:40:23+00:00
2026-09-27T11:41:23-05:00,2026-09-27T16:41:23+00:00,Python SDK azure-iot-device (MQTT sobre WebSockets 443),DC-PASILLO-04,20.13,54.72,17.6,2026-09-27T16:41:23+00:00
2026-09-27T11:42:23-05:00,2026-09-27T16:42:23+00:00,Python SDK azure-iot-device (MQTT sobre WebSockets 443),DC-PASILLO-04,20.39,54.05,18.0,2026-09-27T16:42:23+00:00
2026-09-27T11:43:23-05:00,2026-09-27T16:43:23+00:00,Python SDK azure-iot-device (MQTT sobre WebSockets 443),DC-PASILLO-04,19.96,54.01,17.0,2026-09-27T16:43:23+00:00
2026-09-27T11:44:24-05:00,2026-09-27T16:44:24+00:00,Python SDK azure-iot-device (MQTT sobre WebSockets 443),DC-PASILLO-04,20.24,53.5,19.6,2026-09-27T16:44:23+00:00
2026-09-27T11:45:24-05:00,2026-09-27T16:45:24+00:00,Python SDK azure-iot-device (MQTT sobre WebSockets 443),DC-PASILLO-04,20.26,53.69,18.6,2026-09-27T16:45:24+00:00
2026-09-27T11:46:24-05:00,2026-09-27T16:46:24+00:00,Python SDK azure-iot-device (MQTT sobre WebSockets 443),DC-PASILLO-04,20.37,53.2,19.2,2026-09-27T16:46:24+00:00
2026-09-27T11:47:24-05:00,2026-09-27T16:47:24+00:00,Python SDK azure-iot-device (MQTT sobre WebSockets 443),DC-PASILLO-04,20.09,53.43,18.1,2026-09-27T16:47:24+00:00
2026-09-27T11:48:24-05:00,2026-09-27T16:48:24+00:00,Python SDK azure-iot-device (MQTT sobre WebSockets 443),DC-PASILLO-04,19.99,53.78,16.9,2026-09-27T16:48:24+00:00
2026-09-27T11:49:24-05:00,2026-09-27T16:49:24+00:00,Python SDK azure-iot-device (MQTT sobre WebSockets 443),DC-PASILLO-04,20.36,53.8,21.7,2026-09-27T16:49:24+00:00
2026-09-27T11:50:24-05:00,2026-09-27T16:50:24+00:00,Python SDK azure-iot-device (MQTT sobre WebSockets 443),DC-PASILLO-04,20.1,54.43,19.1,2026-09-27T16:50:24+00:00
2026-09-27T11:51:24-05:00,2026-09-27T16:51:24+00:00,Python SDK azure-iot-device (MQTT sobre WebSockets 443),DC-PASILLO-04,20.28,53.46,18.8,2026-09-27T16:51:24+00:00
2026-09-27T11:52:24-05:00,2026-09-27T16:52:24+00:00,Python SDK azure-iot-device (MQTT sobre WebSockets 443),DC-PASILLO-04,20.41,53.68,21.7,2026-09-27T16:52:24+00:00
2026-09-27T11:53:25-05:00,2026-09-27T16:53:25+00:00,Python SDK azure-iot-device (MQTT sobre WebSockets 443),DC-PASILLO-04,20.19,54.24,19.7,2026-09-27T16:53:24+00:00
2026-09-27T11:54:25-05:00,2026-09-27T16:54:25+00:00,Python SDK azure-iot-device (MQTT sobre WebSockets 443),DC-PASILLO-04,20.52,53.22,20.1,2026-09-27T16:54:25+00:00
2026-09-27T11:55:25-05:00,2026-09-27T16:55:25+00:00,Python SDK azure-iot-device (MQTT sobre WebSockets 443),DC-PASILLO-04,20.31,54.42,17.0,2026-09-27T16:55:25+00:00
2026-09-27T11:56:25-05:00,2026-09-27T16:56:25+00:00,Python SDK azure-iot-device (MQTT sobre WebSockets 443),DC-PASILLO-04,20.3,53.62,21.6,2026-09-27T16:56:25+00:00
2026-09-27T11:57:25-05:00,2026-09-27T16:57:25+00:00,Python SDK azure-iot-device (MQTT sobre WebSockets 443),DC-PASILLO-04,20.09,54.87,17.9,2026-09-27T16:57:25+00:00
2026-09-27T11:58:25-05:00,2026-09-27T16:58:25+00:00,Python SDK azure-iot-device (MQTT sobre WebSockets 443),DC-PASILLO-04,20.15,53.61,21.7,2026-09-27T16:58:25+00:00
2026-09-27T11:59:25-05:00,2026-09-27T16:59:25+00:00,Python SDK azure-iot-device (MQTT sobre WebSockets 443),DC-PASILLO-04,20.51,53.6,18.4,2026-09-27T16:59:25+00:00
2026-09-27T12:00:25-05:00,2026-09-27T17:00:25+00:00,Python SDK azure-iot-device (MQTT sobre WebSockets 443),DC-PASILLO-04,20.35,53.04,17.6,2026-09-27T17:00:25+00:00
2026-09-27T12:01:25-05:00,2026-09-27T17:01:25+00:00,Python SDK azure-iot-device (MQTT sobre WebSockets 443),DC-PASILLO-04,19.96,53.12,18.3,2026-09-27T17:01:25+00:00
2026-09-27T12:02:25-05:00,2026-09-27T17:02:25+00:00,Python SDK azure-iot-device (MQTT sobre WebSockets 443),DC-PASILLO-04,20.14,54.28,18.6,2026-09-27T17:02:25+00:00
2026-09-27T12:03:26-05:00,2026-09-27T17:03:26+00:00,Python SDK azure-iot-device (MQTT sobre WebSockets 443),DC-PASILLO-04,20.34,53.61,19.5,2026-09-27T17:03:25+00:00
2026-09-27T12:04:26-05:00,2026-09-27T17:04:26+00:00,Python SDK azure-iot-device (MQTT sobre WebSockets 443),DC-PASILLO-04,20.24,52.97,19.8,2026-09-27T17:04:26+00:00
2026-09-27T12:05:26-05:00,2026-09-27T17:05:26+00:00,Python SDK azure-iot-device (MQTT sobre WebSockets 443),DC-PASILLO-04,20.49,53.18,21.6,2026-09-27T17:05:26+00:00
2026-09-27T12:06:26-05:00,2026-09-27T17:06:26+00:00,Python SDK azure-iot-device (MQTT sobre WebSockets 443),DC-PASILLO-04,20.49,54.82,18.1,2026-09-27T17:06:26+00:00
2026-09-27T12:07:26-05:00,2026-09-27T17:07:26+00:00,Python SDK azure-iot-device (MQTT sobre WebSockets 443),DC-PASILLO-04,20.01,52.99,18.6,2026-09-27T17:07:26+00:00
2026-09-27T12:08:26-05:00,2026-09-27T17:08:26+00:00,Python SDK azure-iot-device (MQTT sobre WebSockets 443),DC-PASILLO-04,20.35,53.91,17.7,2026-09-27T17:08:26+00:00
2026-09-27T12:09:26-05:00,2026-09-27T17:09:26+00:00,Python SDK azure-iot-device (MQTT sobre WebSockets 443),DC-PASILLO-04,20.27,54.53,19.9,2026-09-27T17:09:26+00:00
2026-09-27T12:10:26-05:00,2026-09-27T17:10:26+00:00,Python SDK azure-iot-device (MQTT sobre WebSockets 443),DC-PASILLO-04,19.96,53.72,21.1,2026-09-27T17:10:26+00:00
2026-09-27T12:11:26-05:00,2026-09-27T17:11:26+00:00,Python SDK azure-iot-device (MQTT sobre WebSockets 443),DC-PASILLO-04,19.94,54.44,18.4,2026-09-27T17:11:26+00:00
2026-09-27T12:12:26-05:00,2026-09-27T17:12:26+00:00,Python SDK azure-iot-device (MQTT sobre WebSockets 443),DC-PASILLO-04,19.95,54.49,20.7,2026-09-27T17:12:26+00:00
2026-09-27T12:13:27-05:00,2026-09-27T17:13:27+00:00,Python SDK azure-iot-device (MQTT sobre WebSockets 443),DC-PASILLO-04,19.91,54.41,19.7,2026-09-27T17:13:26+00:00
2026-09-27T12:14:27-05:00,2026-09-27T17:14:27+00:00,Python SDK azure-iot-device (MQTT sobre WebSockets 443),DC-PASILLO-04,20.43,54.14,21.1,2026-09-27T17:14:27+00:00
2026-09-27T12:15:27-05:00,2026-09-27T17:15:27+00:00,Python SDK azure-iot-device (MQTT sobre WebSockets 443),DC-PASILLO-04,20.42,53.42,19.3,2026-09-27T17:15:27+00:00
2026-09-27T12:16:27-05:00,2026-09-27T17:16:27+00:00,Python SDK azure-iot-device (MQTT sobre WebSockets 443),DC-PASILLO-04,20.37,53.76,18.4,2026-09-27T17:16:27+00:00
2026-09-27T12:17:27-05:00,2026-09-27T17:17:27+00:00,Python SDK azure-iot-device (MQTT sobre WebSockets 443),DC-PASILLO-04,20.42,52.87,18.3,2026-09-27T17:17:27+00:00
2026-09-27T12:18:27-05:00,2026-09-27T17:18:27+00:00,Python SDK azure-iot-device (MQTT sobre WebSockets 443),DC-PASILLO-04,20.31,54.41,17.9,2026-09-27T17:18:27+00:00
2026-09-27T12:19:27-05:00,2026-09-27T17:19:27+00:00,Python SDK azure-iot-device (MQTT sobre WebSockets 443),DC-PASILLO-04,20.36,54.03,17.5,2026-09-27T17:19:27+00:00
2026-09-27T12:20:27-05:00,2026-09-27T17:20:27+00:00,Python SDK azure-iot-device (MQTT sobre WebSockets 443),DC-PASILLO-04,20.28,53.15,21.5,2026-09-27T17:20:27+00:00
2026-09-27T12:21:27-05:00,2026-09-27T17:21:27+00:00,Python SDK azure-iot-device (MQTT sobre WebSockets 443),DC-PASILLO-04,20.35,53.82,19.1,2026-09-27T17:21:27+00:00
2026-09-27T12:22:28-05:00,2026-09-27T17:22:28+00:00,Python SDK azure-iot-device (MQTT sobre WebSockets 443),DC-PASILLO-04,20.11,53.92,20.8,2026-09-27T17:22:27+00:00
2026-09-27T12:23:28-05:00,2026-09-27T17:23:28+00:00,Python SDK azure-iot-device (MQTT sobre WebSockets 443),DC-PASILLO-04,20.32,54.54,18.5,2026-09-27T17:23:28+00:00
2026-09-27T12:24:28-05:00,2026-09-27T17:24:28+00:00,Python SDK azure-iot-device (MQTT sobre WebSockets 443),DC-PASILLO-04,20.1,54.71,18.7,2026-09-27T17:24:28+00:00
2026-09-27T12:25:28-05:00,2026-09-27T17:25:28+00:00,Python SDK azure-iot-device (MQTT sobre WebSockets 443),DC-PASILLO-04,19.92,54.51,19.3,2026-09-27T17:25:28+00:00
2026-09-27T12:26:28-05:00,2026-09-27T17:26:28+00:00,Python SDK azure-iot-device (MQTT sobre WebSockets 443),DC-PASILLO-04,20.36,52.84,19.2,2026-09-27T17:26:28+00:00
2026-09-27T12:27:28-05:00,2026-09-27T17:27:28+00:00,Python SDK azure-iot-device (MQTT sobre WebSockets 443),DC-PASILLO-04,20.03,53.66,19.7,2026-09-27T17:27:28+00:00
2026-09-27T12:28:28-05:00,2026-09-27T17:28:28+00:00,Python SDK azure-iot-device (MQTT sobre WebSockets 443),DC-PASILLO-04,20.27,53.81,19.3,2026-09-27T17:28:28+00:00
2026-09-27T12:29:28-05:00,2026-09-27T17:29:28+00:00,Python SDK azure-iot-device (MQTT sobre WebSockets 443),DC-PASILLO-04,20.22,54.15,17.9,2026-09-27T17:29:28+00:00
2026-09-27T12:30:28-05:00,2026-09-27T17:30:28+00:00,Python SDK azure-iot-device (MQTT sobre WebSockets 443),DC-PASILLO-04,20.5,53.89,19.0,2026-09-27T17:30:28+00:00
2026-09-27T12:31:28-05:00,2026-09-27T17:31:28+00:00,Python SDK azure-iot-device (MQTT sobre WebSockets 443),DC-PASILLO-04,20.05,54.62,18.5,2026-09-27T17:31:28+00:00
2026-09-27T12:32:29-05:00,2026-09-27T17:32:29+00:00,Python SDK azure-iot-device (MQTT sobre WebSockets 443),DC-PASILLO-04,20.06,53.22,20.9,2026-09-27T17:32:28+00:00
2026-09-27T12:33:29-05:00,2026-09-27T17:33:29+00:00,Python SDK azure-iot-device (MQTT sobre WebSockets 443),DC-PASILLO-04,20.23,53.17,20.7,2026-09-27T17:33:29+00:00
2026-09-27T12:34:29-05:00,2026-09-27T17:34:29+00:00,Python SDK azure-iot-device (MQTT sobre WebSockets 443),DC-PASILLO-04,20.21,52.99,18.8,2026-09-27T17:34:29+00:00
2026-09-27T12:35:29-05:00,2026-09-27T17:35:29+00:00,Python SDK azure-iot-device (MQTT sobre WebSockets 443),DC-PASILLO-04,20.43,52.84,20.5,2026-09-27T17:35:29+00:00
2026-09-27T12:36:29-05:00,2026-09-27T17:36:29+00:00,Python SDK azure-iot-device (MQTT sobre WebSockets 443),DC-PASILLO-04,20.44,54.48,18.2,2026-09-27T17:36:29+00:00
2026-09-27T12:37:29-05:00,2026-09-27T17:37:29+00:00,Python SDK azure-iot-device (MQTT sobre WebSockets 443),DC-PASILLO-04,19.94,53.03,21.7,2026-09-27T17:37:29+00:00
2026-09-27T12:38:29-05:00,2026-09-27T17:38:29+00:00,Python SDK azure-iot-device (MQTT sobre WebSockets 443),DC-PASILLO-04,19.96,52.84,20.3,2026-09-27T17:38:29+00:00
2026-09-27T12:39:29-05:00,2026-09-27T17:39:29+00:00,Python SDK azure-iot-device (MQTT sobre WebSockets 443),DC-PASILLO-04,20.52,52.87,20.4,2026-09-27T17:39:29+00:00
2026-09-27T12:40:29-05:00,2026-09-27T17:40:29+00:00,Python SDK azure-iot-device (MQTT sobre WebSockets 443),DC-PASILLO-04,19.96,53.73,18.4,2026-09-27T17:40:29+00:00
2026-09-27T12:41:30-05:00,2026-09-27T17:41:30+00:00,Python SDK azure-iot-device (MQTT sobre WebSockets 443),DC-PASILLO-04,20.3,54.04,19.5,2026-09-27T17:41:29+00:00
2026-09-27T12:42:30-05:00,2026-09-27T17:42:30+00:00,Python SDK azure-iot-device (MQTT sobre WebSockets 443),DC-PASILLO-04,20.27,52.83,18.3,2026-09-27T17:42:30+00:00
2026-09-27T12:43:30-05:00,2026-09-27T17:43:30+00:00,Python SDK azure-iot-device (MQTT sobre WebSockets 443),DC-PASILLO-04,20.33,52.96,21.4,2026-09-27T17:43:30+00:00
2026-09-27T12:44:30-05:00,2026-09-27T17:44:30+00:00,Python SDK azure-iot-device (MQTT sobre WebSockets 443),DC-PASILLO-04,20.04,52.78,19.2,2026-09-27T17:44:30+00:00
2026-09-27T12:45:30-05:00,2026-09-27T17:45:30+00:00,Python SDK azure-iot-device (MQTT sobre WebSockets 443),DC-PASILLO-04,20.33,53.72,20.5,2026-09-27T17:45:30+00:00
2026-09-27T12:46:30-05:00,2026-09-27T17:46:30+00:00,Python SDK azure-iot-device (MQTT sobre WebSockets 443),DC-PASILLO-04,20.06,53.92,18.2,2026-09-27T17:46:30+00:00
2026-09-27T12:47:30-05:00,2026-09-27T17:47:30+00:00,Python SDK azure-iot-device (MQTT sobre WebSockets 443),DC-PASILLO-04,20.18,53.44,22.2,2026-09-27T17:47:30+00:00
2026-09-27T12:48:30-05:00,2026-09-27T17:48:30+00:00,Python SDK azure-iot-device (MQTT sobre WebSockets 443),DC-PASILLO-04,20.35,52.73,17.0,2026-09-27T17:48:30+00:00
2026-09-27T12:49:30-05:00,2026-09-27T17:49:30+00:00,Python SDK azure-iot-device (MQTT sobre WebSockets 443),DC-PASILLO-04,20.35,54.25,20.4,2026-09-27T17:49:30+00:00
2026-09-27T12:50:31-05:00,2026-09-27T17:50:31+00:00,Python SDK azure-iot-device (MQTT sobre WebSockets 443),DC-PASILLO-04,20.04,54.31,20.0,2026-09-27T17:50:30+00:00
2026-09-27T12:51:31-05:00,2026-09-27T17:51:31+00:00,Python SDK azure-iot-device (MQTT sobre WebSockets 443),DC-PASILLO-04,20.48,53.78,17.2,2026-09-27T17:51:31+00:00
2026-09-27T12:52:31-05:00,2026-09-27T17:52:31+00:00,Python SDK azure-iot-device (MQTT sobre WebSockets 443),DC-PASILLO-04,20.0,53.66,20.0,2026-09-27T17:52:31+00:00
2026-09-27T12:53:31-05:00,2026-09-27T17:53:31+00:00,Python SDK azure-iot-device (MQTT sobre WebSockets 443),DC-PASILLO-04,20.41,53.63,21.7,2026-09-27T17:53:31+00:00
2026-09-27T12:54:31-05:00,2026-09-27T17:54:31+00:00,Python SDK azure-iot-device (MQTT sobre WebSockets 443),DC-PASILLO-04,20.16,53.17,18.9,2026-09-27T17:54:31+00:00
2026-09-27T12:55:31-05:00,2026-09-27T17:55:31+00:00,Python SDK azure-iot-device (MQTT sobre WebSockets 443),DC-PASILLO-04,20.12,52.78,21.2,2026-09-27T17:55:31+00:00
2026-09-27T12:56:31-05:00,2026-09-27T17:56:31+00:00,Python SDK azure-iot-device (MQTT sobre WebSockets 443),DC-PASILLO-04,20.1,52.76,19.4,2026-09-27T17:56:31+00:00
2026-09-27T12:57:31-05:00,2026-09-27T17:57:31+00:00,Python SDK azure-iot-device (MQTT sobre WebSockets 443),DC-PASILLO-04,20.48,53.2,18.3,2026-09-27T17:57:31+00:00
2026-09-27T12:58:31-05:00,2026-09-27T17:58:31+00:00,Python SDK azure-iot-device (MQTT sobre WebSockets 443),DC-PASILLO-04,20.04,52.56,18.7,2026-09-27T17:58:31+00:00
2026-09-27T12:59:32-05:00,2026-09-27T17:59:32+00:00,Python SDK azure-iot-device (MQTT sobre WebSockets 443),DC-PASILLO-04,20.39,53.95,20.9,2026-09-27T17:59:31+00:00
2026-09-27T13:00:32-05:00,2026-09-27T18:00:32+00:00,Python SDK azure-iot-device (MQTT sobre WebSockets 443),DC-PASILLO-04,20.35,54.28,22.0,2026-09-27T18:00:32+00:00
2026-09-27T13:01:32-05:00,2026-09-27T18:01:32+00:00,Python SDK azure-iot-device (MQTT sobre WebSockets 443),DC-PASILLO-04,20.3,53.12,21.5,2026-09-27T18:01:32+00:00
2026-09-27T13:02:32-05:00,2026-09-27T18:02:32+00:00,Python SDK azure-iot-device (MQTT sobre WebSockets 443),DC-PASILLO-04,20.08,54.06,18.8,2026-09-27T18:02:32+00:00
2026-09-27T13:03:32-05:00,2026-09-27T18:03:32+00:00,Python SDK azure-iot-device (MQTT sobre WebSockets 443),DC-PASILLO-04,20.3,53.32,20.3,2026-09-27T18:03:32+00:00
2026-09-27T13:04:32-05:00,2026-09-27T18:04:32+00:00,Python SDK azure-iot-device (MQTT sobre WebSockets 443),DC-PASILLO-04,20.3,53.47,20.9,2026-09-27T18:04:32+00:00
2026-09-27T13:05:32-05:00,2026-09-27T18:05:32+00:00,Python SDK azure-iot-device (MQTT sobre WebSockets 443),DC-PASILLO-04,20.53,53.99,19.0,2026-09-27T18:05:32+00:00
2026-09-27T13:06:32-05:00,2026-09-27T18:06:32+00:00,Python SDK azure-iot-device (MQTT sobre WebSockets 443),DC-PASILLO-04,20.2,53.9,17.3,2026-09-27T18:06:32+00:00
2026-09-27T13:07:32-05:00,2026-09-27T18:07:32+00:00,Python SDK azure-iot-device (MQTT sobre WebSockets 443),DC-PASILLO-04,19.96,53.86,19.6,2026-09-27T18:07:32+00:00
2026-09-27T13:08:33-05:00,2026-09-27T18:08:33+00:00,Python SDK azure-iot-device (MQTT sobre WebSockets 443),DC-PASILLO-04,20.17,54.04,19.6,2026-09-27T18:08:32+00:00
2026-09-27T13:09:33-05:00,2026-09-27T18:09:33+00:00,Python SDK azure-iot-device (MQTT sobre WebSockets 443),DC-PASILLO-04,20.45,53.9,17.7,2026-09-27T18:09:33+00:00
2026-09-27T13:10:33-05:00,2026-09-27T18:10:33+00:00,Python SDK azure-iot-device (MQTT sobre WebSockets 443),DC-PASILLO-04,20.04,54.21,18.6,2026-09-27T18:10:33+00:00
2026-09-27T13:11:33-05:00,2026-09-27T18:11:33+00:00,Python SDK azure-iot-device (MQTT sobre WebSockets 443),DC-PASILLO-04,20.29,53.6,19.2,2026-09-27T18:11:33+00:00
2026-09-27T13:12:33-05:00,2026-09-27T18:12:33+00:00,Python SDK azure-iot-device (MQTT sobre WebSockets 443),DC-PASILLO-04,20.52,52.42,17.4,2026-09-27T18:12:33+00:00
2026-09-27T13:13:33-05:00,2026-09-27T18:13:33+00:00,Python SDK azure-iot-device (MQTT sobre WebSockets 443),DC-PASILLO-04,20.52,53.17,17.2,2026-09-27T18:13:33+00:00
2026-09-27T13:14:33-05:00,2026-09-27T18:14:33+00:00,Python SDK azure-iot-device (MQTT sobre WebSockets 443),DC-PASILLO-04,20.35,53.21,21.0,2026-09-27T18:14:33+00:00
2026-09-27T13:15:33-05:00,2026-09-27T18:15:33+00:00,Python SDK azure-iot-device (MQTT sobre WebSockets 443),DC-PASILLO-04,20.21,52.73,21.4,2026-09-27T18:15:33+00:00
2026-09-27T13:16:33-05:00,2026-09-27T18:16:33+00:00,Python SDK azure-iot-device (MQTT sobre WebSockets 443),DC-PASILLO-04,20.06,52.46,17.5,2026-09-27T18:16:33+00:00
2026-09-27T13:17:33-05:00,2026-09-27T18:17:33+00:00,Python SDK azure-iot-device (MQTT sobre WebSockets 443),DC-PASILLO-04,20.42,52.98,21.1,2026-09-27T18:17:33+00:00
2026-09-27T13:18:34-05:00,2026-09-27T18:18:34+00:00,Python SDK azure-iot-device (MQTT sobre WebSockets 443),DC-PASILLO-04,20.17,54.2,18.9,2026-09-27T18:18:33+00:00
2026-09-27T13:19:34-05:00,2026-09-27T18:19:34+00:00,Python SDK azure-iot-device (MQTT sobre WebSockets 443),DC-PASILLO-04,20.3,52.43,20.3,2026-09-27T18:19:34+00:00
2026-09-27T13:20:34-05:00,2026-09-27T18:20:34+00:00,Python SDK azure-iot-device (MQTT sobre WebSockets 443),DC-PASILLO-04,20.31,54.1,19.2,2026-09-27T18:20:34+00:00
2026-09-27T13:21:34-05:00,2026-09-27T18:21:34+00:00,Python SDK azure-iot-device (MQTT sobre WebSockets 443),DC-PASILLO-04,20.08,53.79,20.7,2026-09-27T18:21:34+00:00
2026-09-27T13:22:34-05:00,2026-09-27T18:22:34+00:00,Python SDK azure-iot-device (MQTT sobre WebSockets 443),DC-PASILLO-04,20.31,53.38,18.2,2026-09-27T18:22:34+00:00
2026-09-27T13:23:34-05:00,2026-09-27T18:23:34+00:00,Python SDK azure-iot-device (MQTT sobre WebSockets 443),DC-PASILLO-04,20.35,53.22,20.1,2026-09-27T18:23:34+00:00
2026-09-27T13:24:34-05:00,2026-09-27T18:24:34+00:00,Python SDK azure-iot-device (MQTT sobre WebSockets 443),DC-PASILLO-04,20.11,52.24,21.8,2026-09-27T18:24:34+00:00
2026-09-27T13:25:34-05:00,2026-09-27T18:25:34+00:00,Python SDK azure-iot-device (MQTT sobre WebSockets 443),DC-PASILLO-04,20.27,53.78,21.7,2026-09-27T18:25:34+00:00
2026-09-27T13:26:34-05:00,2026-09-27T18:26:34+00:00,Python SDK azure-iot-device (MQTT sobre WebSockets 443),DC-PASILLO-04,20.07,52.5,17.8,2026-09-27T18:26:34+00:00
2026-09-27T13:27:35-05:00,2026-09-27T18:27:35+00:00,Python SDK azure-iot-device (MQTT sobre WebSockets 443),DC-PASILLO-04,20.37,54.1,19.9,2026-09-27T18:27:34+00:00
2026-09-27T13:28:35-05:00,2026-09-27T18:28:35+00:00,Python SDK azure-iot-device (MQTT sobre WebSockets 443),DC-PASILLO-04,19.97,53.9,17.6,2026-09-27T18:28:35+00:00
2026-09-27T13:29:35-05:00,2026-09-27T18:29:35+00:00,Python SDK azure-iot-device (MQTT sobre WebSockets 443),DC-PASILLO-04,20.3,52.82,17.9,2026-09-27T18:29:35+00:00
2026-09-27T13:30:35-05:00,2026-09-27T18:30:35+00:00,Python SDK azure-iot-device (MQTT sobre WebSockets 443),DC-PASILLO-04,20.14,52.8,18.4,2026-09-27T18:30:35+00:00
2026-09-27T13:31:35-05:00,2026-09-27T18:31:35+00:00,Python SDK azure-iot-device (MQTT sobre WebSockets 443),DC-PASILLO-04,20.36,53.84,19.2,2026-09-27T18:31:35+00:00
2026-09-27T13:32:35-05:00,2026-09-27T18:32:35+00:00,Python SDK azure-iot-device (MQTT sobre WebSockets 443),DC-PASILLO-04,20.08,52.74,17.8,2026-09-27T18:32:35+00:00
2026-09-27T13:33:35-05:00,2026-09-27T18:33:35+00:00,Python SDK azure-iot-device (MQTT sobre WebSockets 443),DC-PASILLO-04,20.22,54.05,20.9,2026-09-27T18:33:35+00:00
2026-09-27T13:34:35-05:00,2026-09-27T18:34:35+00:00,Python SDK azure-iot-device (MQTT sobre WebSockets 443),DC-PASILLO-04,19.96,52.49,19.9,2026-09-27T18:34:35+00:00
2026-09-27T13:35:35-05:00,2026-09-27T18:35:35+00:00,Python SDK azure-iot-device (MQTT sobre WebSockets 443),DC-PASILLO-04,20.55,53.82,18.1,2026-09-27T18:35:35+00:00
2026-09-27T13:36:36-05:00,2026-09-27T18:36:36+00:00,Python SDK azure-iot-device (MQTT sobre WebSockets 443),DC-PASILLO-04,20.32,53.88,22.1,2026-09-27T18:36:35+00:00
2026-09-27T13:37:36-05:00,2026-09-27T18:37:36+00:00,Python SDK azure-iot-device (MQTT sobre WebSockets 443),DC-PASILLO-04,20.36,53.45,21.3,2026-09-27T18:37:36+00:00
2026-09-27T13:38:36-05:00,2026-09-27T18:38:36+00:00,Python SDK azure-iot-device (MQTT sobre WebSockets 443),DC-PASILLO-04,20.01,52.76,20.8,2026-09-27T18:38:36+00:00
2026-09-27T13:39:36-05:00,2026-09-27T18:39:36+00:00,Python SDK azure-iot-device (MQTT sobre WebSockets 443),DC-PASILLO-04,20.12,52.14,18.3,2026-09-27T18:39:36+00:00
2026-09-27T13:40:36-05:00,2026-09-27T18:40:36+00:00,Python SDK azure-iot-device (MQTT sobre WebSockets 443),DC-PASILLO-04,20.38,54.02,17.7,2026-09-27T18:40:36+00:00
2026-09-27T13:41:36-05:00,2026-09-27T18:41:36+00:00,Python SDK azure-iot-device (MQTT sobre WebSockets 443),DC-PASILLO-04,19.98,53.41,17.7,2026-09-27T18:41:36+00:00
2026-09-27T13:42:36-05:00,2026-09-27T18:42:36+00:00,Python SDK azure-iot-device (MQTT sobre WebSockets 443),DC-PASILLO-04,20.32,53.24,21.7,2026-09-27T18:42:36+00:00
2026-09-27T13:43:36-05:00,2026-09-27T18:43:36+00:00,Python SDK azure-iot-device (MQTT sobre WebSockets 443),DC-PASILLO-04,20.5,53.87,20.4,2026-09-27T18:43:36+00:00
2026-09-27T13:44:36-05:00,2026-09-27T18:44:36+00:00,Python SDK azure-iot-device (MQTT sobre WebSockets 443),DC-PASILLO-04,20.15,53.69,17.6,2026-09-27T18:44:36+00:00
2026-09-27T13:45:36-05:00,2026-09-27T18:45:36+00:00,Python SDK azure-iot-device (MQTT sobre WebSockets 443),DC-PASILLO-04,20.42,53.97,18.5,2026-09-27T18:45:36+00:00
2026-09-27T13:46:37-05:00,2026-09-27T18:46:37+00:00,Python SDK azure-iot-device (MQTT sobre WebSockets 443),DC-PASILLO-04,20.03,53.05,21.9,2026-09-27T18:46:36+00:00
2026-09-27T13:47:37-05:00,2026-09-27T18:47:37+00:00,Python SDK azure-iot-device (MQTT sobre WebSockets 443),DC-PASILLO-04,20.5,53.01,17.4,2026-09-27T18:47:37+00:00
2026-09-27T13:48:37-05:00,2026-09-27T18:48:37+00:00,Python SDK azure-iot-device (MQTT sobre WebSockets 443),DC-PASILLO-04,20.33,52.25,21.4,2026-09-27T18:48:37+00:00
2026-09-27T13:49:37-05:00,2026-09-27T18:49:37+00:00,Python SDK azure-iot-device (MQTT sobre WebSockets 443),DC-PASILLO-04,20.13,52.89,19.9,2026-09-27T18:49:37+00:00
2026-09-27T13:50:37-05:00,2026-09-27T18:50:37+00:00,Python SDK azure-iot-device (MQTT sobre WebSockets 443),DC-PASILLO-04,20.07,53.48,21.3,2026-09-27T18:50:37+00:00
2026-09-27T13:51:37-05:00,2026-09-27T18:51:37+00:00,Python SDK azure-iot-device (MQTT sobre WebSockets 443),DC-PASILLO-04,20.41,52.26,19.7,2026-09-27T18:51:37+00:00
2026-09-27T13:52:37-05:00,2026-09-27T18:52:37+00:00,Python SDK azure-iot-device (MQTT sobre WebSockets 443),DC-PASILLO-04,20.4,53.38,20.2,2026-09-27T18:52:37+00:00
2026-09-27T13:53:37-05:00,2026-09-27T18:53:37+00:00,Python SDK azure-iot-device (MQTT sobre WebSockets 443),DC-PASILLO-04,20.35,53.43,18.1,2026-09-27T18:53:37+00:00
2026-09-27T13:54:38-05:00,2026-09-27T18:54:38+00:00,Python SDK azure-iot-device (MQTT sobre WebSockets 443),DC-PASILLO-04,20.56,53.73,18.6,2026-09-27T18:54:37+00:00
2026-09-27T13:55:38-05:00,2026-09-27T18:55:38+00:00,Python SDK azure-iot-device (MQTT sobre WebSockets 443),DC-PASILLO-04,20.02,53.69,21.6,2026-09-27T18:55:38+00:00
2026-09-27T13:56:38-05:00,2026-09-27T18:56:38+00:00,Python SDK azure-iot-device (MQTT sobre WebSockets 443),DC-PASILLO-04,20.44,53.09,17.4,2026-09-27T18:56:38+00:00
2026-09-27T13:57:38-05:00,2026-09-27T18:57:38+00:00,Python SDK azure-iot-device (MQTT sobre WebSockets 443),DC-PASILLO-04,20.45,52.98,17.3,2026-09-27T18:57:38+00:00
2026-09-27T13:58:38-05:00,2026-09-27T18:58:38+00:00,Python SDK azure-iot-device (MQTT sobre WebSockets 443),DC-PASILLO-04,20.5,52.09,21.1,2026-09-27T18:58:38+00:00
2026-09-27T13:59:38-05:00,2026-09-27T18:59:38+00:00,Python SDK azure-iot-device (MQTT sobre WebSockets 443),DC-PASILLO-04,20.36,53.3,17.7,2026-09-27T18:59:38+00:00
2026-09-27T14:00:38-05:00,2026-09-27T19:00:38+00:00,Python SDK azure-iot-device (MQTT sobre WebSockets 443),DC-PASILLO-04,20.52,53.42,21.9,2026-09-27T19:00:38+00:00
2026-09-27T14:01:38-05:00,2026-09-27T19:01:38+00:00,Python SDK azure-iot-device (MQTT sobre WebSockets 443),DC-PASILLO-04,20.41,52.09,19.2,2026-09-27T19:01:38+00:00
2026-09-27T14:02:38-05:00,2026-09-27T19:02:38+00:00,Python SDK azure-iot-device (MQTT sobre WebSockets 443),DC-PASILLO-04,20.01,52.96,22.1,2026-09-27T19:02:38+00:00
2026-09-27T14:03:39-05:00,2026-09-27T19:03:39+00:00,Python SDK azure-iot-device (MQTT sobre WebSockets 443),DC-PASILLO-04,20.45,53.39,20.0,2026-09-27T19:03:38+00:00
2026-09-27T14:04:39-05:00,2026-09-27T19:04:39+00:00,Python SDK azure-iot-device (MQTT sobre WebSockets 443),DC-PASILLO-04,20.16,53.45,19.6,2026-09-27T19:04:39+00:00
2026-09-27T14:05:39-05:00,2026-09-27T19:05:39+00:00,Python SDK azure-iot-device (MQTT sobre WebSockets 443),DC-PASILLO-04,20.02,52.52,18.2,2026-09-27T19:05:39+00:00
2026-09-27T14:06:39-05:00,2026-09-27T19:06:39+00:00,Python SDK azure-iot-device (MQTT sobre WebSockets 443),DC-PASILLO-04,20.09,52.61,22.0,2026-09-27T19:06:39+00:00
2026-09-27T14:07:39-05:00,2026-09-27T19:07:39+00:00,Python SDK azure-iot-device (MQTT sobre WebSockets 443),DC-PASILLO-04,20.28,52.78,17.5,2026-09-27T19:07:39+00:00
2026-09-27T14:08:39-05:00,2026-09-27T19:08:39+00:00,Python SDK azure-iot-device (MQTT sobre WebSockets 443),DC-PASILLO-04,20.12,53.17,18.7,2026-09-27T19:08:39+00:00
2026-09-27T14:09:39-05:00,2026-09-27T19:09:39+00:00,Python SDK azure-iot-device (MQTT sobre WebSockets 443),DC-PASILLO-04,20.37,52.87,18.5,2026-09-27T19:09:39+00:00
2026-09-27T14:10:39-05:00,2026-09-27T19:10:39+00:00,Python SDK azure-iot-device (MQTT sobre WebSockets 443),DC-PASILLO-04,20.35,52.56,21.4,2026-09-27T19:10:39+00:00
2026-09-27T14:11:39-05:00,2026-09-27T19:11:39+00:00,Python SDK azure-iot-device (MQTT sobre WebSockets 443),DC-PASILLO-04,20.21,53.18,18.1,2026-09-27T19:11:39+00:00
2026-09-27T14:12:40-05:00,2026-09-27T19:12:40+00:00,Python SDK azure-iot-device (MQTT sobre WebSockets 443),DC-PASILLO-04,20.02,52.58,20.2,2026-09-27T19:12:39+00:00
2026-09-27T14:13:40-05:00,2026-09-27T19:13:40+00:00,Python SDK azure-iot-device (MQTT sobre WebSockets 443),DC-PASILLO-04,19.98,52.23,21.8,2026-09-27T19:13:40+00:00
2026-09-27T14:14:40-05:00,2026-09-27T19:14:40+00:00,Python SDK azure-iot-device (MQTT sobre WebSockets 443),DC-PASILLO-04,20.4,52.12,18.7,2026-09-27T19:14:40+00:00
2026-09-27T14:15:40-05:00,2026-09-27T19:15:40+00:00,Python SDK azure-iot-device (MQTT sobre WebSockets 443),DC-PASILLO-04,20.22,52.13,18.4,2026-09-27T19:15:40+00:00
2026-09-27T14:16:40-05:00,2026-09-27T19:16:40+00:00,Python SDK azure-iot-device (MQTT sobre WebSockets 443),DC-PASILLO-04,20.42,53.12,17.8,2026-09-27T19:16:40+00:00
2026-09-27T14:17:40-05:00,2026-09-27T19:17:40+00:00,Python SDK azure-iot-device (MQTT sobre WebSockets 443),DC-PASILLO-04,20.11,53.0,20.4,2026-09-27T19:17:40+00:00
2026-09-27T14:18:40-05:00,2026-09-27T19:18:40+00:00,Python SDK azure-iot-device (MQTT sobre WebSockets 443),DC-PASILLO-04,20.43,52.78,17.1,2026-09-27T19:18:40+00:00
2026-09-27T14:19:40-05:00,2026-09-27T19:19:40+00:00,Python SDK azure-iot-device (MQTT sobre WebSockets 443),DC-PASILLO-04,20.18,53.07,21.1,2026-09-27T19:19:40+00:00
2026-09-27T14:20:40-05:00,2026-09-27T19:20:40+00:00,Python SDK azure-iot-device (MQTT sobre WebSockets 443),DC-PASILLO-04,20.39,52.51,17.9,2026-09-27T19:20:40+00:00
2026-09-27T14:21:40-05:00,2026-09-27T19:21:40+00:00,Python SDK azure-iot-device (MQTT sobre WebSockets 443),DC-PASILLO-04,20.0,51.65,19.0,2026-09-27T19:21:40+00:00
2026-09-27T14:22:41-05:00,2026-09-27T19:22:41+00:00,Python SDK azure-iot-device (MQTT sobre WebSockets 443),DC-PASILLO-04,20.19,51.6,19.7,2026-09-27T19:22:40+00:00
2026-09-27T14:23:41-05:00,2026-09-27T19:23:41+00:00,Python SDK azure-iot-device (MQTT sobre WebSockets 443),DC-PASILLO-04,20.31,53.0,22.1,2026-09-27T19:23:41+00:00
2026-09-27T14:24:41-05:00,2026-09-27T19:24:41+00:00,Python SDK azure-iot-device (MQTT sobre WebSockets 443),DC-PASILLO-04,20.17,51.98,18.9,2026-09-27T19:24:41+00:00
2026-09-27T14:25:41-05:00,2026-09-27T19:25:41+00:00,Python SDK azure-iot-device (MQTT sobre WebSockets 443),DC-PASILLO-04,20.52,52.48,19.1,2026-09-27T19:25:41+00:00
2026-09-27T14:26:41-05:00,2026-09-27T19:26:41+00:00,Python SDK azure-iot-device (MQTT sobre WebSockets 443),DC-PASILLO-04,20.33,52.66,21.7,2026-09-27T19:26:41+00:00
2026-09-27T14:27:41-05:00,2026-09-27T19:27:41+00:00,Python SDK azure-iot-device (MQTT sobre WebSockets 443),DC-PASILLO-04,20.3,51.6,17.3,2026-09-27T19:27:41+00:00
2026-09-27T14:28:41-05:00,2026-09-27T19:28:41+00:00,Python SDK azure-iot-device (MQTT sobre WebSockets 443),DC-PASILLO-04,20.48,52.46,21.0,2026-09-27T19:28:41+00:00
2026-09-27T14:29:41-05:00,2026-09-27T19:29:41+00:00,Python SDK azure-iot-device (MQTT sobre WebSockets 443),DC-PASILLO-04,20.45,53.29,19.5,2026-09-27T19:29:41+00:00
2026-09-27T14:30:41-05:00,2026-09-27T19:30:41+00:00,Python SDK azure-iot-device (MQTT sobre WebSockets 443),DC-PASILLO-04,20.51,51.93,19.5,2026-09-27T19:30:41+00:00
2026-09-27T14:31:42-05:00,2026-09-27T19:31:42+00:00,Python SDK azure-iot-device (MQTT sobre WebSockets 443),DC-PASILLO-04,20.21,51.64,17.8,2026-09-27T19:31:41+00:00
2026-09-27T14:32:42-05:00,2026-09-27T19:32:42+00:00,Python SDK azure-iot-device (MQTT sobre WebSockets 443),DC-PASILLO-04,20.06,52.38,17.8,2026-09-27T19:32:42+00:00
2026-09-27T14:33:42-05:00,2026-09-27T19:33:42+00:00,Python SDK azure-iot-device (MQTT sobre WebSockets 443),DC-PASILLO-04,20.28,53.19,21.3,2026-09-27T19:33:42+00:00
2026-09-27T14:34:42-05:00,2026-09-27T19:34:42+00:00,Python SDK azure-iot-device (MQTT sobre WebSockets 443),DC-PASILLO-04,20.02,51.52,21.8,2026-09-27T19:34:42+00:00
2026-09-27T14:35:42-05:00,2026-09-27T19:35:42+00:00,Python SDK azure-iot-device (MQTT sobre WebSockets 443),DC-PASILLO-04,20.33,52.25,20.1,2026-09-27T19:35:42+00:00
2026-09-27T14:36:42-05:00,2026-09-27T19:36:42+00:00,Python SDK azure-iot-device (MQTT sobre WebSockets 443),DC-PASILLO-04,20.02,52.63,20.9,2026-09-27T19:36:42+00:00
2026-09-27T14:37:42-05:00,2026-09-27T19:37:42+00:00,Python SDK azure-iot-device (MQTT sobre WebSockets 443),DC-PASILLO-04,20.56,52.87,20.2,2026-09-27T19:37:42+00:00
2026-09-27T14:38:42-05:00,2026-09-27T19:38:42+00:00,Python SDK azure-iot-device (MQTT sobre WebSockets 443),DC-PASILLO-04,20.03,52.05,21.0,2026-09-27T19:38:42+00:00
2026-09-27T14:39:42-05:00,2026-09-27T19:39:42+00:00,Python SDK azure-iot-device (MQTT sobre WebSockets 443),DC-PASILLO-04,20.48,51.33,19.7,2026-09-27T19:39:42+00:00
2026-09-27T14:40:43-05:00,2026-09-27T19:40:43+00:00,Python SDK azure-iot-device (MQTT sobre WebSockets 443),DC-PASILLO-04,20.29,53.19,17.8,2026-09-27T19:40:42+00:00
2026-09-27T14:41:43-05:00,2026-09-27T19:41:43+00:00,Python SDK azure-iot-device (MQTT sobre WebSockets 443),DC-PASILLO-04,20.44,52.69,19.5,2026-09-27T19:41:43+00:00
2026-09-27T14:42:43-05:00,2026-09-27T19:42:43+00:00,Python SDK azure-iot-device (MQTT sobre WebSockets 443),DC-PASILLO-04,20.46,51.81,20.8,2026-09-27T19:42:43+00:00
2026-09-27T14:43:43-05:00,2026-09-27T19:43:43+00:00,Python SDK azure-iot-device (MQTT sobre WebSockets 443),DC-PASILLO-04,20.44,52.98,19.8,2026-09-27T19:43:43+00:00
2026-09-27T14:44:43-05:00,2026-09-27T19:44:43+00:00,Python SDK azure-iot-device (MQTT sobre WebSockets 443),DC-PASILLO-04,20.01,51.42,18.0,2026-09-27T19:44:43+00:00
2026-09-27T14:45:43-05:00,2026-09-27T19:45:43+00:00,Python SDK azure-iot-device (MQTT sobre WebSockets 443),DC-PASILLO-04,20.55,52.2,21.4,2026-09-27T19:45:43+00:00
2026-09-27T14:46:43-05:00,2026-09-27T19:46:43+00:00,Python SDK azure-iot-device (MQTT sobre WebSockets 443),DC-PASILLO-04,20.49,53.08,20.9,2026-09-27T19:46:43+00:00
2026-09-27T14:47:43-05:00,2026-09-27T19:47:43+00:00,Python SDK azure-iot-device (MQTT sobre WebSockets 443),DC-PASILLO-04,20.27,52.07,21.3,2026-09-27T19:47:43+00:00
2026-09-27T14:48:43-05:00,2026-09-27T19:48:43+00:00,Python SDK azure-iot-device (MQTT sobre WebSockets 443),DC-PASILLO-04,20.09,52.65,18.7,2026-09-27T19:48:43+00:00
2026-09-27T14:49:44-05:00,2026-09-27T19:49:44+00:00,Python SDK azure-iot-device (MQTT sobre WebSockets 443),DC-PASILLO-04,20.53,51.92,18.7,2026-09-27T19:49:43+00:00
2026-09-27T14:50:44-05:00,2026-09-27T19:50:44+00:00,Python SDK azure-iot-device (MQTT sobre WebSockets 443),DC-PASILLO-04,20.2,52.09,20.7,2026-09-27T19:50:44+00:00
2026-09-27T14:51:44-05:00,2026-09-27T19:51:44+00:00,Python SDK azure-iot-device (MQTT sobre WebSockets 443),DC-PASILLO-04,20.2,51.46,20.2,2026-09-27T19:51:44+00:00
2026-09-27T14:52:44-05:00,2026-09-27T19:52:44+00:00,Python SDK azure-iot-device (MQTT sobre WebSockets 443),DC-PASILLO-04,20.5,52.33,18.6,2026-09-27T19:52:44+00:00
2026-09-27T14:53:44-05:00,2026-09-27T19:53:44+00:00,Python SDK azure-iot-device (MQTT sobre WebSockets 443),DC-PASILLO-04,20.5,51.58,19.9,2026-09-27T19:53:44+00:00
2026-09-27T14:54:44-05:00,2026-09-27T19:54:44+00:00,Python SDK azure-iot-device (MQTT sobre WebSockets 443),DC-PASILLO-04,20.51,51.2,18.2,2026-09-27T19:54:44+00:00
2026-09-27T14:55:44-05:00,2026-09-27T19:55:44+00:00,Python SDK azure-iot-device (MQTT sobre WebSockets 443),DC-PASILLO-04,20.17,51.59,21.3,2026-09-27T19:55:44+00:00
2026-09-27T14:56:44-05:00,2026-09-27T19:56:44+00:00,Python SDK azure-iot-device (MQTT sobre WebSockets 443),DC-PASILLO-04,20.5,51.11,18.2,2026-09-27T19:56:44+00:00
2026-09-27T14:57:44-05:00,2026-09-27T19:57:44+00:00,Python SDK azure-iot-device (MQTT sobre WebSockets 443),DC-PASILLO-04,20.56,51.63,21.9,2026-09-27T19:57:44+00:00
2026-09-27T14:58:44-05:00,2026-09-27T19:58:44+00:00,Python SDK azure-iot-device (MQTT sobre WebSockets 443),DC-PASILLO-04,19.97,52.94,18.0,2026-09-27T19:58:44+00:00
2026-09-27T14:59:45-05:00,2026-09-27T19:59:45+00:00,Python SDK azure-iot-device (MQTT sobre WebSockets 443),DC-PASILLO-04,20.33,52.04,21.7,2026-09-27T19:59:44+00:00
2026-09-27T15:00:45-05:00,2026-09-27T20:00:45+00:00,Python SDK azure-iot-device (MQTT sobre WebSockets 443),DC-PASILLO-04,20.08,51.18,19.1,2026-09-27T20:00:45+00:00
