ts_local,ts_utc,origen,device_id,tsFuente,pm25,pm10,aqi,co2,tsDispositivo
2026-09-24T14:27:28-05:00,2026-09-24T19:27:28+00:00,API publica de calidad de aire (HTTPS/REST 443),DC-AIRE-06,"2026-09-24T14:00 (America/Bogota, Open-Meteo AQ)",8.3,8.5,50.0,699.6,2026-09-24T19:27:27+00:00
2026-09-24T14:42:30-05:00,2026-09-24T19:42:30+00:00,API publica de calidad de aire (HTTPS/REST 443),DC-AIRE-06,"2026-09-24T14:00 (America/Bogota, Open-Meteo AQ)",8.3,8.5,50.0,699.4,2026-09-24T19:42:29+00:00
2026-09-24T14:57:46-05:00,2026-09-24T19:57:46+00:00,API publica de calidad de aire (HTTPS/REST 443),DC-AIRE-06,"2026-09-24T14:00 (America/Bogota, Open-Meteo AQ)",8.3,8.5,50.0,699.3,2026-09-24T19:57:45+00:00
2026-09-24T15:12:50-05:00,2026-09-24T20:12:50+00:00,API publica de calidad de aire (HTTPS/REST 443),DC-AIRE-06,"2026-09-24T15:00 (America/Bogota, Open-Meteo AQ)",7.6,7.8,50.0,695.0,2026-09-24T20:12:49+00:00
2026-09-24T15:27:52-05:00,2026-09-24T20:27:52+00:00,API publica de calidad de aire (HTTPS/REST 443),DC-AIRE-06,"2026-09-24T15:00 (America/Bogota, Open-Meteo AQ)",7.6,7.8,50.0,694.9,2026-09-24T20:27:51+00:00
2026-09-24T15:42:54-05:00,2026-09-24T20:42:54+00:00,API publica de calidad de aire (HTTPS/REST 443),DC-AIRE-06,"2026-09-24T15:00 (America/Bogota, Open-Meteo AQ)",7.6,7.8,50.0,694.7,2026-09-24T20:42:53+00:00
2026-09-24T15:57:56-05:00,2026-09-24T20:57:56+00:00,API publica de calidad de aire (HTTPS/REST 443),DC-AIRE-06,"2026-09-24T15:00 (America/Bogota, Open-Meteo AQ)",7.6,7.8,50.0,694.6,2026-09-24T20:57:55+00:00
2026-09-24T16:12:58-05:00,2026-09-24T21:12:58+00:00,API publica de calidad de aire (HTTPS/REST 443),DC-AIRE-06,"2026-09-24T16:00 (America/Bogota, Open-Meteo AQ)",8.8,9.0,62.0,701.7,2026-09-24T21:12:57+00:00
2026-09-24T16:29:37-05:00,2026-09-24T21:29:37+00:00,API publica de calidad de aire (HTTPS/REST 443),DC-AIRE-06,"2026-09-24T16:00 (America/Bogota, Open-Meteo AQ)",8.8,9.0,62.0,701.6,2026-09-24T21:29:37+00:00
2026-09-24T16:44:39-05:00,2026-09-24T21:44:39+00:00,API publica de calidad de aire (HTTPS/REST 443),DC-AIRE-06,"2026-09-24T16:00 (America/Bogota, Open-Meteo AQ)",8.8,9.0,62.0,701.4,2026-09-24T21:44:38+00:00
2026-09-24T16:59:40-05:00,2026-09-24T21:59:40+00:00,API publica de calidad de aire (HTTPS/REST 443),DC-AIRE-06,"2026-09-24T16:00 (America/Bogota, Open-Meteo AQ)",8.8,9.0,62.0,701.3,2026-09-24T21:59:40+00:00
2026-09-24T17:14:42-05:00,2026-09-24T22:14:42+00:00,API publica de calidad de aire (HTTPS/REST 443),DC-AIRE-06,"2026-09-24T17:00 (America/Bogota, Open-Meteo AQ)",10.9,11.1,69.0,713.8,2026-09-24T22:14:41+00:00
2026-09-24T17:29:43-05:00,2026-09-24T22:29:43+00:00,API publica de calidad de aire (HTTPS/REST 443),DC-AIRE-06,"2026-09-24T17:00 (America/Bogota, Open-Meteo AQ)",11.8,12.2,79.0,719.1,2026-09-24T22:29:43+00:00
2026-09-24T17:44:45-05:00,2026-09-24T22:44:45+00:00,API publica de calidad de aire (HTTPS/REST 443),DC-AIRE-06,"2026-09-24T17:00 (America/Bogota, Open-Meteo AQ)",11.8,12.2,79.0,718.9,2026-09-24T22:44:44+00:00
2026-09-24T17:59:47-05:00,2026-09-24T22:59:47+00:00,API publica de calidad de aire (HTTPS/REST 443),DC-AIRE-06,"2026-09-24T17:00 (America/Bogota, Open-Meteo AQ)",11.8,12.2,79.0,718.8,2026-09-24T22:59:46+00:00
2026-09-24T18:14:48-05:00,2026-09-24T23:14:48+00:00,API publica de calidad de aire (HTTPS/REST 443),DC-AIRE-06,"2026-09-24T18:00 (America/Bogota, Open-Meteo AQ)",15.4,15.8,80.0,740.3,2026-09-24T23:14:47+00:00
2026-09-24T18:29:50-05:00,2026-09-24T23:29:50+00:00,API publica de calidad de aire (HTTPS/REST 443),DC-AIRE-06,"2026-09-24T18:00 (America/Bogota, Open-Meteo AQ)",15.4,15.8,80.0,740.2,2026-09-24T23:29:49+00:00
2026-09-24T18:44:52-05:00,2026-09-24T23:44:52+00:00,API publica de calidad de aire (HTTPS/REST 443),DC-AIRE-06,"2026-09-24T18:00 (America/Bogota, Open-Meteo AQ)",15.4,15.8,80.0,567.5,2026-09-24T23:44:51+00:00
2026-09-24T18:59:53-05:00,2026-09-24T23:59:53+00:00,API publica de calidad de aire (HTTPS/REST 443),DC-AIRE-06,"2026-09-24T18:00 (America/Bogota, Open-Meteo AQ)",15.4,15.8,80.0,567.4,2026-09-24T23:59:52+00:00
2026-09-24T19:14:55-05:00,2026-09-25T00:14:55+00:00,API publica de calidad de aire (HTTPS/REST 443),DC-AIRE-06,"2026-09-24T19:00 (America/Bogota, Open-Meteo AQ)",17.1,17.5,72.0,577.5,2026-09-25T00:14:54+00:00
2026-09-24T19:29:57-05:00,2026-09-25T00:29:57+00:00,API publica de calidad de aire (HTTPS/REST 443),DC-AIRE-06,"2026-09-24T19:00 (America/Bogota, Open-Meteo AQ)",17.1,17.5,72.0,577.4,2026-09-25T00:29:56+00:00
2026-09-24T19:45:01-05:00,2026-09-25T00:45:01+00:00,API publica de calidad de aire (HTTPS/REST 443),DC-AIRE-06,"2026-09-24T19:00 (America/Bogota, Open-Meteo AQ)",17.1,17.5,72.0,577.2,2026-09-25T00:44:59+00:00
2026-09-24T19:55:40-05:00,2026-09-25T00:55:40+00:00,API publica de calidad de aire (HTTPS/REST 443),DC-AIRE-06,"2026-09-24T19:00 (America/Bogota, Open-Meteo AQ)",17.1,17.5,72.0,577.1,2026-09-25T00:55:40+00:00
2026-09-24T19:57:29-05:00,2026-09-25T00:57:29+00:00,API publica de calidad de aire (HTTPS/REST 443),DC-AIRE-06,"2026-09-24T19:00 (America/Bogota, Open-Meteo AQ)",17.1,17.5,72.0,577.1,2026-09-25T00:57:28+00:00
2026-09-24T19:59:08-05:00,2026-09-25T00:59:08+00:00,API publica de calidad de aire (HTTPS/REST 443),DC-AIRE-06,"2026-09-24T19:00 (America/Bogota, Open-Meteo AQ)",17.1,17.5,72.0,577.1,2026-09-25T00:59:08+00:00
2026-09-25T15:37:49-05:00,2026-09-25T20:37:49+00:00,API publica de calidad de aire (HTTPS/REST 443),DC-AIRE-06,"2026-09-25T15:00 (America/Bogota, Open-Meteo AQ)",8.0,8.4,63.0,697.2,2026-09-25T20:37:48+00:00
2026-09-25T15:52:50-05:00,2026-09-25T20:52:50+00:00,API publica de calidad de aire (HTTPS/REST 443),DC-AIRE-06,"2026-09-25T15:00 (America/Bogota, Open-Meteo AQ)",8.0,8.4,63.0,697.1,2026-09-25T20:52:50+00:00
2026-09-25T16:07:52-05:00,2026-09-25T21:07:52+00:00,API publica de calidad de aire (HTTPS/REST 443),DC-AIRE-06,"2026-09-25T16:00 (America/Bogota, Open-Meteo AQ)",10.8,11.3,63.0,713.7,2026-09-25T21:07:51+00:00
2026-09-25T16:22:53-05:00,2026-09-25T21:22:53+00:00,API publica de calidad de aire (HTTPS/REST 443),DC-AIRE-06,"2026-09-25T16:00 (America/Bogota, Open-Meteo AQ)",10.8,11.3,63.0,713.6,2026-09-25T21:22:53+00:00
2026-09-25T16:37:55-05:00,2026-09-25T21:37:55+00:00,API publica de calidad de aire (HTTPS/REST 443),DC-AIRE-06,"2026-09-25T16:00 (America/Bogota, Open-Meteo AQ)",10.8,11.3,63.0,713.5,2026-09-25T21:37:54+00:00
2026-09-25T16:52:56-05:00,2026-09-25T21:52:56+00:00,API publica de calidad de aire (HTTPS/REST 443),DC-AIRE-06,"2026-09-25T16:00 (America/Bogota, Open-Meteo AQ)",10.8,11.3,63.0,713.4,2026-09-25T21:52:56+00:00
2026-09-25T17:07:58-05:00,2026-09-25T22:07:58+00:00,API publica de calidad de aire (HTTPS/REST 443),DC-AIRE-06,"2026-09-25T17:00 (America/Bogota, Open-Meteo AQ)",23.9,25.8,67.0,791.8,2026-09-25T22:07:57+00:00
2026-09-25T17:23:00-05:00,2026-09-25T22:23:00+00:00,API publica de calidad de aire (HTTPS/REST 443),DC-AIRE-06,"2026-09-25T17:00 (America/Bogota, Open-Meteo AQ)",23.9,25.8,67.0,791.7,2026-09-25T22:22:59+00:00
2026-09-25T17:38:02-05:00,2026-09-25T22:38:02+00:00,API publica de calidad de aire (HTTPS/REST 443),DC-AIRE-06,"2026-09-25T17:00 (America/Bogota, Open-Meteo AQ)",23.9,25.8,67.0,791.6,2026-09-25T22:38:01+00:00
2026-09-25T17:53:03-05:00,2026-09-25T22:53:03+00:00,API publica de calidad de aire (HTTPS/REST 443),DC-AIRE-06,"2026-09-25T17:00 (America/Bogota, Open-Meteo AQ)",23.9,25.8,67.0,791.5,2026-09-25T22:53:02+00:00
2026-09-25T18:08:04-05:00,2026-09-25T23:08:04+00:00,API publica de calidad de aire (HTTPS/REST 443),DC-AIRE-06,"2026-09-25T18:00 (America/Bogota, Open-Meteo AQ)",29.1,31.2,68.0,822.5,2026-09-25T23:08:04+00:00
2026-09-25T18:23:06-05:00,2026-09-25T23:23:06+00:00,API publica de calidad de aire (HTTPS/REST 443),DC-AIRE-06,"2026-09-25T18:00 (America/Bogota, Open-Meteo AQ)",29.1,31.2,68.0,822.4,2026-09-25T23:23:06+00:00
2026-09-25T18:38:08-05:00,2026-09-25T23:38:08+00:00,API publica de calidad de aire (HTTPS/REST 443),DC-AIRE-06,"2026-09-25T18:00 (America/Bogota, Open-Meteo AQ)",29.1,31.2,68.0,649.8,2026-09-25T23:38:07+00:00
2026-09-25T18:53:09-05:00,2026-09-25T23:53:09+00:00,API publica de calidad de aire (HTTPS/REST 443),DC-AIRE-06,"2026-09-25T18:00 (America/Bogota, Open-Meteo AQ)",29.1,31.2,68.0,649.7,2026-09-25T23:53:08+00:00
2026-09-25T19:11:18-05:00,2026-09-26T00:11:18+00:00,API publica de calidad de aire (HTTPS/REST 443),DC-AIRE-06,"2026-09-25T19:00 (America/Bogota, Open-Meteo AQ)",29.3,31.4,69.0,650.7,2026-09-26T00:11:18+00:00
2026-09-25T19:26:20-05:00,2026-09-26T00:26:20+00:00,API publica de calidad de aire (HTTPS/REST 443),DC-AIRE-06,"2026-09-25T19:00 (America/Bogota, Open-Meteo AQ)",29.3,31.4,69.0,650.6,2026-09-26T00:26:19+00:00
2026-09-25T19:41:28-05:00,2026-09-26T00:41:28+00:00,API publica de calidad de aire (HTTPS/REST 443),DC-AIRE-06,"2026-09-25T19:00 (America/Bogota, Open-Meteo AQ)",29.3,31.4,69.0,650.5,2026-09-26T00:41:26+00:00
2026-09-25T19:56:31-05:00,2026-09-26T00:56:31+00:00,API publica de calidad de aire (HTTPS/REST 443),DC-AIRE-06,"2026-09-25T19:00 (America/Bogota, Open-Meteo AQ)",29.3,31.4,69.0,650.3,2026-09-26T00:56:30+00:00
2026-09-25T20:11:33-05:00,2026-09-26T01:11:33+00:00,API publica de calidad de aire (HTTPS/REST 443),DC-AIRE-06,"2026-09-25T20:00 (America/Bogota, Open-Meteo AQ)",26.6,28.5,69.0,634.0,2026-09-26T01:11:33+00:00
2026-09-25T20:26:35-05:00,2026-09-26T01:26:35+00:00,API publica de calidad de aire (HTTPS/REST 443),DC-AIRE-06,"2026-09-25T20:00 (America/Bogota, Open-Meteo AQ)",26.6,28.5,69.0,633.9,2026-09-26T01:26:34+00:00
2026-09-25T20:41:37-05:00,2026-09-26T01:41:37+00:00,API publica de calidad de aire (HTTPS/REST 443),DC-AIRE-06,"2026-09-25T20:00 (America/Bogota, Open-Meteo AQ)",26.6,28.5,69.0,633.8,2026-09-26T01:41:36+00:00
2026-09-25T20:56:38-05:00,2026-09-26T01:56:38+00:00,API publica de calidad de aire (HTTPS/REST 443),DC-AIRE-06,"2026-09-25T20:00 (America/Bogota, Open-Meteo AQ)",26.6,28.5,69.0,633.6,2026-09-26T01:56:38+00:00
2026-09-25T21:11:40-05:00,2026-09-26T02:11:40+00:00,API publica de calidad de aire (HTTPS/REST 443),DC-AIRE-06,"2026-09-25T21:00 (America/Bogota, Open-Meteo AQ)",26.8,28.5,70.0,634.7,2026-09-26T02:11:39+00:00
2026-09-25T21:26:42-05:00,2026-09-26T02:26:42+00:00,API publica de calidad de aire (HTTPS/REST 443),DC-AIRE-06,"2026-09-25T21:00 (America/Bogota, Open-Meteo AQ)",26.8,28.5,70.0,634.6,2026-09-26T02:26:41+00:00
2026-09-25T21:41:45-05:00,2026-09-26T02:41:45+00:00,API publica de calidad de aire (HTTPS/REST 443),DC-AIRE-06,"2026-09-25T21:00 (America/Bogota, Open-Meteo AQ)",26.8,28.5,70.0,634.5,2026-09-26T02:41:43+00:00
2026-09-25T21:56:57-05:00,2026-09-26T02:56:57+00:00,API publica de calidad de aire (HTTPS/REST 443),DC-AIRE-06,"2026-09-25T21:00 (America/Bogota, Open-Meteo AQ)",26.8,28.5,70.0,634.3,2026-09-26T02:56:56+00:00
2026-09-25T22:11:59-05:00,2026-09-26T03:11:59+00:00,API publica de calidad de aire (HTTPS/REST 443),DC-AIRE-06,"2026-09-25T22:00 (America/Bogota, Open-Meteo AQ)",26.5,28.3,71.0,632.4,2026-09-26T03:11:58+00:00
2026-09-25T22:27:00-05:00,2026-09-26T03:27:00+00:00,API publica de calidad de aire (HTTPS/REST 443),DC-AIRE-06,"2026-09-25T22:00 (America/Bogota, Open-Meteo AQ)",26.5,28.3,71.0,632.3,2026-09-26T03:27:00+00:00
2026-09-25T22:42:02-05:00,2026-09-26T03:42:02+00:00,API publica de calidad de aire (HTTPS/REST 443),DC-AIRE-06,"2026-09-25T22:00 (America/Bogota, Open-Meteo AQ)",26.5,28.3,71.0,632.1,2026-09-26T03:42:01+00:00
2026-09-25T22:57:04-05:00,2026-09-26T03:57:04+00:00,API publica de calidad de aire (HTTPS/REST 443),DC-AIRE-06,"2026-09-25T22:00 (America/Bogota, Open-Meteo AQ)",26.5,28.3,71.0,632.0,2026-09-26T03:57:03+00:00
2026-09-25T23:12:05-05:00,2026-09-26T04:12:05+00:00,API publica de calidad de aire (HTTPS/REST 443),DC-AIRE-06,"2026-09-25T23:00 (America/Bogota, Open-Meteo AQ)",24.0,25.6,71.0,616.9,2026-09-26T04:12:04+00:00
2026-09-25T23:27:07-05:00,2026-09-26T04:27:07+00:00,API publica de calidad de aire (HTTPS/REST 443),DC-AIRE-06,"2026-09-25T23:00 (America/Bogota, Open-Meteo AQ)",24.0,25.6,71.0,616.8,2026-09-26T04:27:06+00:00
2026-09-25T23:42:08-05:00,2026-09-26T04:42:08+00:00,API publica de calidad de aire (HTTPS/REST 443),DC-AIRE-06,"2026-09-25T23:00 (America/Bogota, Open-Meteo AQ)",24.0,25.6,71.0,616.6,2026-09-26T04:42:08+00:00
2026-09-25T23:57:10-05:00,2026-09-26T04:57:10+00:00,API publica de calidad de aire (HTTPS/REST 443),DC-AIRE-06,"2026-09-25T23:00 (America/Bogota, Open-Meteo AQ)",24.0,25.6,71.0,616.5,2026-09-26T04:57:09+00:00
2026-09-26T00:12:12-05:00,2026-09-26T05:12:12+00:00,API publica de calidad de aire (HTTPS/REST 443),DC-AIRE-06,"2026-09-26T00:00 (America/Bogota, Open-Meteo AQ)",21.9,22.9,71.0,604.0,2026-09-26T05:12:11+00:00
2026-09-26T00:27:13-05:00,2026-09-26T05:27:13+00:00,API publica de calidad de aire (HTTPS/REST 443),DC-AIRE-06,"2026-09-26T00:00 (America/Bogota, Open-Meteo AQ)",21.9,22.9,71.0,604.1,2026-09-26T05:27:13+00:00
2026-09-26T00:42:15-05:00,2026-09-26T05:42:15+00:00,API publica de calidad de aire (HTTPS/REST 443),DC-AIRE-06,"2026-09-26T00:00 (America/Bogota, Open-Meteo AQ)",21.9,22.9,71.0,604.3,2026-09-26T05:42:14+00:00
2026-09-26T00:57:16-05:00,2026-09-26T05:57:16+00:00,API publica de calidad de aire (HTTPS/REST 443),DC-AIRE-06,"2026-09-26T00:00 (America/Bogota, Open-Meteo AQ)",21.9,22.9,71.0,604.4,2026-09-26T05:57:16+00:00
2026-09-26T01:12:18-05:00,2026-09-26T06:12:18+00:00,API publica de calidad de aire (HTTPS/REST 443),DC-AIRE-06,"2026-09-26T01:00 (America/Bogota, Open-Meteo AQ)",18.6,19.4,72.0,584.7,2026-09-26T06:12:17+00:00
2026-09-26T01:27:20-05:00,2026-09-26T06:27:20+00:00,API publica de calidad de aire (HTTPS/REST 443),DC-AIRE-06,"2026-09-26T01:00 (America/Bogota, Open-Meteo AQ)",18.6,19.4,72.0,584.8,2026-09-26T06:27:19+00:00
2026-09-26T01:42:21-05:00,2026-09-26T06:42:21+00:00,API publica de calidad de aire (HTTPS/REST 443),DC-AIRE-06,"2026-09-26T01:00 (America/Bogota, Open-Meteo AQ)",18.6,19.4,72.0,585.0,2026-09-26T06:42:21+00:00
2026-09-26T01:57:23-05:00,2026-09-26T06:57:23+00:00,API publica de calidad de aire (HTTPS/REST 443),DC-AIRE-06,"2026-09-26T01:00 (America/Bogota, Open-Meteo AQ)",18.6,19.4,72.0,585.1,2026-09-26T06:57:22+00:00
2026-09-26T02:12:24-05:00,2026-09-26T07:12:24+00:00,API publica de calidad de aire (HTTPS/REST 443),DC-AIRE-06,"2026-09-26T02:00 (America/Bogota, Open-Meteo AQ)",17.3,18.0,72.0,577.4,2026-09-26T07:12:23+00:00
2026-09-26T02:27:26-05:00,2026-09-26T07:27:26+00:00,API publica de calidad de aire (HTTPS/REST 443),DC-AIRE-06,"2026-09-26T02:00 (America/Bogota, Open-Meteo AQ)",17.3,18.0,72.0,577.5,2026-09-26T07:27:25+00:00
2026-09-26T02:42:27-05:00,2026-09-26T07:42:27+00:00,API publica de calidad de aire (HTTPS/REST 443),DC-AIRE-06,"2026-09-26T02:00 (America/Bogota, Open-Meteo AQ)",17.3,18.0,72.0,577.7,2026-09-26T07:42:26+00:00
2026-09-26T02:57:29-05:00,2026-09-26T07:57:29+00:00,API publica de calidad de aire (HTTPS/REST 443),DC-AIRE-06,"2026-09-26T02:00 (America/Bogota, Open-Meteo AQ)",17.3,18.0,72.0,577.8,2026-09-26T07:57:28+00:00
2026-09-26T03:12:30-05:00,2026-09-26T08:12:30+00:00,API publica de calidad de aire (HTTPS/REST 443),DC-AIRE-06,"2026-09-26T03:00 (America/Bogota, Open-Meteo AQ)",17.1,17.7,72.0,576.7,2026-09-26T08:12:29+00:00
2026-09-26T03:27:32-05:00,2026-09-26T08:27:32+00:00,API publica de calidad de aire (HTTPS/REST 443),DC-AIRE-06,"2026-09-26T03:00 (America/Bogota, Open-Meteo AQ)",17.1,17.7,72.0,576.8,2026-09-26T08:27:31+00:00
2026-09-26T03:42:33-05:00,2026-09-26T08:42:33+00:00,API publica de calidad de aire (HTTPS/REST 443),DC-AIRE-06,"2026-09-26T03:00 (America/Bogota, Open-Meteo AQ)",17.1,17.7,72.0,577.0,2026-09-26T08:42:33+00:00
2026-09-26T03:57:35-05:00,2026-09-26T08:57:35+00:00,API publica de calidad de aire (HTTPS/REST 443),DC-AIRE-06,"2026-09-26T03:00 (America/Bogota, Open-Meteo AQ)",17.1,17.7,72.0,577.1,2026-09-26T08:57:34+00:00
2026-09-26T04:12:36-05:00,2026-09-26T09:12:36+00:00,API publica de calidad de aire (HTTPS/REST 443),DC-AIRE-06,"2026-09-26T04:00 (America/Bogota, Open-Meteo AQ)",15.1,15.7,72.0,565.2,2026-09-26T09:12:36+00:00
2026-09-26T04:27:38-05:00,2026-09-26T09:27:38+00:00,API publica de calidad de aire (HTTPS/REST 443),DC-AIRE-06,"2026-09-26T04:00 (America/Bogota, Open-Meteo AQ)",15.1,15.7,72.0,565.3,2026-09-26T09:27:37+00:00
2026-09-26T04:42:39-05:00,2026-09-26T09:42:39+00:00,API publica de calidad de aire (HTTPS/REST 443),DC-AIRE-06,"2026-09-26T04:00 (America/Bogota, Open-Meteo AQ)",15.1,15.7,72.0,565.5,2026-09-26T09:42:39+00:00
2026-09-26T04:57:41-05:00,2026-09-26T09:57:41+00:00,API publica de calidad de aire (HTTPS/REST 443),DC-AIRE-06,"2026-09-26T04:00 (America/Bogota, Open-Meteo AQ)",15.1,15.7,72.0,565.6,2026-09-26T09:57:40+00:00
2026-09-26T05:12:42-05:00,2026-09-26T10:12:42+00:00,API publica de calidad de aire (HTTPS/REST 443),DC-AIRE-06,"2026-09-26T05:00 (America/Bogota, Open-Meteo AQ)",13.0,13.6,72.0,553.1,2026-09-26T10:12:42+00:00
2026-09-26T05:27:44-05:00,2026-09-26T10:27:44+00:00,API publica de calidad de aire (HTTPS/REST 443),DC-AIRE-06,"2026-09-26T05:00 (America/Bogota, Open-Meteo AQ)",13.6,14.7,73.0,556.8,2026-09-26T10:27:43+00:00
2026-09-26T05:42:45-05:00,2026-09-26T10:42:45+00:00,API publica de calidad de aire (HTTPS/REST 443),DC-AIRE-06,"2026-09-26T05:00 (America/Bogota, Open-Meteo AQ)",13.6,14.7,73.0,557.0,2026-09-26T10:42:45+00:00
2026-09-26T05:57:47-05:00,2026-09-26T10:57:47+00:00,API publica de calidad de aire (HTTPS/REST 443),DC-AIRE-06,"2026-09-26T05:00 (America/Bogota, Open-Meteo AQ)",13.6,14.7,73.0,557.1,2026-09-26T10:57:46+00:00
2026-09-26T06:12:49-05:00,2026-09-26T11:12:49+00:00,API publica de calidad de aire (HTTPS/REST 443),DC-AIRE-06,"2026-09-26T06:00 (America/Bogota, Open-Meteo AQ)",14.1,15.1,73.0,560.2,2026-09-26T11:12:48+00:00
2026-09-26T06:27:50-05:00,2026-09-26T11:27:50+00:00,API publica de calidad de aire (HTTPS/REST 443),DC-AIRE-06,"2026-09-26T06:00 (America/Bogota, Open-Meteo AQ)",14.1,15.1,73.0,560.3,2026-09-26T11:27:49+00:00
2026-09-26T06:42:52-05:00,2026-09-26T11:42:52+00:00,API publica de calidad de aire (HTTPS/REST 443),DC-AIRE-06,"2026-09-26T06:00 (America/Bogota, Open-Meteo AQ)",14.1,15.1,73.0,560.5,2026-09-26T11:42:51+00:00
2026-09-26T06:57:54-05:00,2026-09-26T11:57:54+00:00,API publica de calidad de aire (HTTPS/REST 443),DC-AIRE-06,"2026-09-26T06:00 (America/Bogota, Open-Meteo AQ)",14.1,15.1,73.0,560.6,2026-09-26T11:57:53+00:00
2026-09-26T07:12:59-05:00,2026-09-26T12:12:59+00:00,API publica de calidad de aire (HTTPS/REST 443),DC-AIRE-06,"2026-09-26T07:00 (America/Bogota, Open-Meteo AQ)",15.2,16.1,72.0,567.3,2026-09-26T12:12:58+00:00
2026-09-26T07:28:01-05:00,2026-09-26T12:28:01+00:00,API publica de calidad de aire (HTTPS/REST 443),DC-AIRE-06,"2026-09-26T07:00 (America/Bogota, Open-Meteo AQ)",15.2,16.1,72.0,567.4,2026-09-26T12:28:00+00:00
2026-09-26T07:43:03-05:00,2026-09-26T12:43:03+00:00,API publica de calidad de aire (HTTPS/REST 443),DC-AIRE-06,"2026-09-26T07:00 (America/Bogota, Open-Meteo AQ)",15.2,16.1,72.0,740.1,2026-09-26T12:43:02+00:00
2026-09-26T07:58:10-05:00,2026-09-26T12:58:10+00:00,API publica de calidad de aire (HTTPS/REST 443),DC-AIRE-06,"2026-09-26T07:00 (America/Bogota, Open-Meteo AQ)",15.2,16.1,72.0,740.2,2026-09-26T12:58:09+00:00
2026-09-26T08:13:11-05:00,2026-09-26T13:13:11+00:00,API publica de calidad de aire (HTTPS/REST 443),DC-AIRE-06,"2026-09-26T08:00 (America/Bogota, Open-Meteo AQ)",13.2,13.9,72.0,728.3,2026-09-26T13:13:10+00:00
2026-09-26T08:28:13-05:00,2026-09-26T13:28:13+00:00,API publica de calidad de aire (HTTPS/REST 443),DC-AIRE-06,"2026-09-26T08:00 (America/Bogota, Open-Meteo AQ)",13.2,13.9,72.0,728.4,2026-09-26T13:28:12+00:00
2026-09-26T08:43:15-05:00,2026-09-26T13:43:15+00:00,API publica de calidad de aire (HTTPS/REST 443),DC-AIRE-06,"2026-09-26T08:00 (America/Bogota, Open-Meteo AQ)",13.2,13.9,72.0,728.6,2026-09-26T13:43:14+00:00
2026-09-26T08:58:22-05:00,2026-09-26T13:58:22+00:00,API publica de calidad de aire (HTTPS/REST 443),DC-AIRE-06,"2026-09-26T08:00 (America/Bogota, Open-Meteo AQ)",13.2,13.9,72.0,728.7,2026-09-26T13:58:21+00:00
2026-09-26T09:13:24-05:00,2026-09-26T14:13:24+00:00,API publica de calidad de aire (HTTPS/REST 443),DC-AIRE-06,"2026-09-26T09:00 (America/Bogota, Open-Meteo AQ)",11.6,12.1,72.0,719.2,2026-09-26T14:13:23+00:00
2026-09-26T09:28:26-05:00,2026-09-26T14:28:26+00:00,API publica de calidad de aire (HTTPS/REST 443),DC-AIRE-06,"2026-09-26T09:00 (America/Bogota, Open-Meteo AQ)",11.6,12.1,72.0,719.3,2026-09-26T14:28:25+00:00
2026-09-26T09:43:27-05:00,2026-09-26T14:43:27+00:00,API publica de calidad de aire (HTTPS/REST 443),DC-AIRE-06,"2026-09-26T09:00 (America/Bogota, Open-Meteo AQ)",11.6,12.1,72.0,719.5,2026-09-26T14:43:26+00:00
2026-09-26T09:58:29-05:00,2026-09-26T14:58:29+00:00,API publica de calidad de aire (HTTPS/REST 443),DC-AIRE-06,"2026-09-26T09:00 (America/Bogota, Open-Meteo AQ)",11.6,12.1,72.0,719.6,2026-09-26T14:58:28+00:00
2026-09-26T10:13:31-05:00,2026-09-26T15:13:31+00:00,API publica de calidad de aire (HTTPS/REST 443),DC-AIRE-06,"2026-09-26T10:00 (America/Bogota, Open-Meteo AQ)",11.6,11.8,71.0,719.7,2026-09-26T15:13:30+00:00
2026-09-26T10:28:33-05:00,2026-09-26T15:28:33+00:00,API publica de calidad de aire (HTTPS/REST 443),DC-AIRE-06,"2026-09-26T10:00 (America/Bogota, Open-Meteo AQ)",11.6,11.8,71.0,719.8,2026-09-26T15:28:32+00:00
2026-09-26T10:43:34-05:00,2026-09-26T15:43:34+00:00,API publica de calidad de aire (HTTPS/REST 443),DC-AIRE-06,"2026-09-26T10:00 (America/Bogota, Open-Meteo AQ)",11.6,11.8,71.0,720.0,2026-09-26T15:43:34+00:00
2026-09-26T10:58:36-05:00,2026-09-26T15:58:36+00:00,API publica de calidad de aire (HTTPS/REST 443),DC-AIRE-06,"2026-09-26T10:00 (America/Bogota, Open-Meteo AQ)",11.6,11.8,71.0,720.1,2026-09-26T15:58:35+00:00
2026-09-26T11:13:38-05:00,2026-09-26T16:13:38+00:00,API publica de calidad de aire (HTTPS/REST 443),DC-AIRE-06,"2026-09-26T11:00 (America/Bogota, Open-Meteo AQ)",13.5,13.7,71.0,731.6,2026-09-26T16:13:37+00:00
2026-09-26T11:28:40-05:00,2026-09-26T16:28:40+00:00,API publica de calidad de aire (HTTPS/REST 443),DC-AIRE-06,"2026-09-26T11:00 (America/Bogota, Open-Meteo AQ)",13.5,13.7,71.0,731.7,2026-09-26T16:28:39+00:00
2026-09-26T11:43:41-05:00,2026-09-26T16:43:41+00:00,API publica de calidad de aire (HTTPS/REST 443),DC-AIRE-06,"2026-09-26T11:00 (America/Bogota, Open-Meteo AQ)",13.5,13.7,71.0,731.9,2026-09-26T16:43:41+00:00
2026-09-26T11:58:43-05:00,2026-09-26T16:58:43+00:00,API publica de calidad de aire (HTTPS/REST 443),DC-AIRE-06,"2026-09-26T11:00 (America/Bogota, Open-Meteo AQ)",13.5,13.7,71.0,732.0,2026-09-26T16:58:42+00:00
2026-09-26T12:13:45-05:00,2026-09-26T17:13:45+00:00,API publica de calidad de aire (HTTPS/REST 443),DC-AIRE-06,"2026-09-26T12:00 (America/Bogota, Open-Meteo AQ)",9.8,10.0,71.0,709.7,2026-09-26T17:13:44+00:00
2026-09-26T12:28:47-05:00,2026-09-26T17:28:47+00:00,API publica de calidad de aire (HTTPS/REST 443),DC-AIRE-06,"2026-09-26T12:00 (America/Bogota, Open-Meteo AQ)",9.8,10.0,71.0,709.6,2026-09-26T17:28:46+00:00
2026-09-26T12:43:48-05:00,2026-09-26T17:43:48+00:00,API publica de calidad de aire (HTTPS/REST 443),DC-AIRE-06,"2026-09-26T12:00 (America/Bogota, Open-Meteo AQ)",9.8,10.0,71.0,709.4,2026-09-26T17:43:47+00:00
2026-09-26T12:58:51-05:00,2026-09-26T17:58:51+00:00,API publica de calidad de aire (HTTPS/REST 443),DC-AIRE-06,"2026-09-26T12:00 (America/Bogota, Open-Meteo AQ)",9.8,10.0,71.0,709.3,2026-09-26T17:58:49+00:00
2026-09-26T13:13:53-05:00,2026-09-26T18:13:53+00:00,API publica de calidad de aire (HTTPS/REST 443),DC-AIRE-06,"2026-09-26T13:00 (America/Bogota, Open-Meteo AQ)",8.0,8.1,70.0,698.4,2026-09-26T18:13:52+00:00
2026-09-26T13:28:55-05:00,2026-09-26T18:28:55+00:00,API publica de calidad de aire (HTTPS/REST 443),DC-AIRE-06,"2026-09-26T13:00 (America/Bogota, Open-Meteo AQ)",8.0,8.1,70.0,698.3,2026-09-26T18:28:54+00:00
2026-09-26T13:43:56-05:00,2026-09-26T18:43:56+00:00,API publica de calidad de aire (HTTPS/REST 443),DC-AIRE-06,"2026-09-26T13:00 (America/Bogota, Open-Meteo AQ)",8.0,8.1,70.0,698.1,2026-09-26T18:43:55+00:00
2026-09-26T13:58:58-05:00,2026-09-26T18:58:58+00:00,API publica de calidad de aire (HTTPS/REST 443),DC-AIRE-06,"2026-09-26T13:00 (America/Bogota, Open-Meteo AQ)",8.0,8.1,70.0,698.0,2026-09-26T18:58:57+00:00
2026-09-26T14:14:00-05:00,2026-09-26T19:14:00+00:00,API publica de calidad de aire (HTTPS/REST 443),DC-AIRE-06,"2026-09-26T14:00 (America/Bogota, Open-Meteo AQ)",8.3,8.4,69.0,699.7,2026-09-26T19:13:59+00:00
2026-09-26T14:29:02-05:00,2026-09-26T19:29:02+00:00,API publica de calidad de aire (HTTPS/REST 443),DC-AIRE-06,"2026-09-26T14:00 (America/Bogota, Open-Meteo AQ)",8.3,8.4,69.0,699.6,2026-09-26T19:29:01+00:00
2026-09-26T14:44:04-05:00,2026-09-26T19:44:04+00:00,API publica de calidad de aire (HTTPS/REST 443),DC-AIRE-06,"2026-09-26T14:00 (America/Bogota, Open-Meteo AQ)",8.3,8.4,69.0,699.4,2026-09-26T19:44:03+00:00
2026-09-26T14:59:05-05:00,2026-09-26T19:59:05+00:00,API publica de calidad de aire (HTTPS/REST 443),DC-AIRE-06,"2026-09-26T14:00 (America/Bogota, Open-Meteo AQ)",8.3,8.4,69.0,699.3,2026-09-26T19:59:05+00:00
2026-09-26T15:14:06-05:00,2026-09-26T20:14:06+00:00,API publica de calidad de aire (HTTPS/REST 443),DC-AIRE-06,"2026-09-26T15:00 (America/Bogota, Open-Meteo AQ)",10.4,10.5,68.0,711.8,2026-09-26T20:14:06+00:00
