ts_local,ts_utc,origen,device_id,tsFuente,potenciaKw,corrienteA,factorPotencia,tsDispositivo
2026-09-24T14:18:56-05:00,2026-09-24T19:18:56+00:00,Replay de CSV historico (PDU fila C),DC-ENERGIA-09,"2026-09-20T00:00:00-05:00 (historico PDU, vuelta 1)",5.72,8.51,0.97,2026-09-24T19:18:55+00:00
2026-09-24T14:20:56-05:00,2026-09-24T19:20:56+00:00,Replay de CSV historico (PDU fila C),DC-ENERGIA-09,"2026-09-20T00:02:00-05:00 (historico PDU, vuelta 1)",5.49,8.13,0.975,2026-09-24T19:20:56+00:00
2026-09-24T14:27:32-05:00,2026-09-24T19:27:32+00:00,Replay de CSV historico (PDU fila C),DC-ENERGIA-09,"2026-09-20T00:00:00-05:00 (historico PDU, vuelta 1)",5.72,25.64,0.97,2026-09-24T19:27:32+00:00
2026-09-24T14:29:32-05:00,2026-09-24T19:29:32+00:00,Replay de CSV historico (PDU fila C),DC-ENERGIA-09,"2026-09-20T00:02:00-05:00 (historico PDU, vuelta 1)",5.49,24.48,0.975,2026-09-24T19:29:32+00:00
2026-09-24T14:31:35-05:00,2026-09-24T19:31:35+00:00,Replay de CSV historico (PDU fila C),DC-ENERGIA-09,"2026-09-20T00:04:00-05:00 (historico PDU, vuelta 1)",5.63,25.51,0.959,2026-09-24T19:31:35+00:00
2026-09-24T14:33:35-05:00,2026-09-24T19:33:35+00:00,Replay de CSV historico (PDU fila C),DC-ENERGIA-09,"2026-09-20T00:06:00-05:00 (historico PDU, vuelta 1)",5.64,25.7,0.954,2026-09-24T19:33:35+00:00
2026-09-24T14:35:36-05:00,2026-09-24T19:35:36+00:00,Replay de CSV historico (PDU fila C),DC-ENERGIA-09,"2026-09-20T00:08:00-05:00 (historico PDU, vuelta 1)",5.78,26.02,0.965,2026-09-24T19:35:35+00:00
2026-09-24T14:37:36-05:00,2026-09-24T19:37:36+00:00,Replay de CSV historico (PDU fila C),DC-ENERGIA-09,"2026-09-20T00:10:00-05:00 (historico PDU, vuelta 1)",5.65,25.15,0.976,2026-09-24T19:37:36+00:00
2026-09-24T14:39:36-05:00,2026-09-24T19:39:36+00:00,Replay de CSV historico (PDU fila C),DC-ENERGIA-09,"2026-09-20T00:12:00-05:00 (historico PDU, vuelta 1)",5.84,26.57,0.956,2026-09-24T19:39:36+00:00
2026-09-24T14:41:37-05:00,2026-09-24T19:41:37+00:00,Replay de CSV historico (PDU fila C),DC-ENERGIA-09,"2026-09-20T00:14:00-05:00 (historico PDU, vuelta 1)",5.5,24.82,0.963,2026-09-24T19:41:36+00:00
2026-09-24T14:43:38-05:00,2026-09-24T19:43:38+00:00,Replay de CSV historico (PDU fila C),DC-ENERGIA-09,"2026-09-20T00:16:00-05:00 (historico PDU, vuelta 1)",5.5,24.76,0.965,2026-09-24T19:43:38+00:00
2026-09-24T14:45:38-05:00,2026-09-24T19:45:38+00:00,Replay de CSV historico (PDU fila C),DC-ENERGIA-09,"2026-09-20T00:18:00-05:00 (historico PDU, vuelta 1)",5.64,25.16,0.975,2026-09-24T19:45:38+00:00
2026-09-24T14:47:39-05:00,2026-09-24T19:47:39+00:00,Replay de CSV historico (PDU fila C),DC-ENERGIA-09,"2026-09-20T00:20:00-05:00 (historico PDU, vuelta 1)",5.56,24.95,0.969,2026-09-24T19:47:38+00:00
2026-09-24T14:50:03-05:00,2026-09-24T19:50:03+00:00,Replay de CSV historico (PDU fila C),DC-ENERGIA-09,"2026-09-20T00:22:00-05:00 (historico PDU, vuelta 1)",5.66,25.48,0.965,2026-09-24T19:50:03+00:00
2026-09-24T14:52:07-05:00,2026-09-24T19:52:07+00:00,Replay de CSV historico (PDU fila C),DC-ENERGIA-09,"2026-09-20T00:24:00-05:00 (historico PDU, vuelta 1)",5.63,25.31,0.966,2026-09-24T19:52:07+00:00
2026-09-24T14:54:08-05:00,2026-09-24T19:54:08+00:00,Replay de CSV historico (PDU fila C),DC-ENERGIA-09,"2026-09-20T00:26:00-05:00 (historico PDU, vuelta 1)",5.7,25.98,0.954,2026-09-24T19:54:07+00:00
2026-09-24T14:56:08-05:00,2026-09-24T19:56:08+00:00,Replay de CSV historico (PDU fila C),DC-ENERGIA-09,"2026-09-20T00:28:00-05:00 (historico PDU, vuelta 1)",5.56,25.03,0.967,2026-09-24T19:56:08+00:00
2026-09-24T14:58:20-05:00,2026-09-24T19:58:20+00:00,Replay de CSV historico (PDU fila C),DC-ENERGIA-09,"2026-09-20T00:30:00-05:00 (historico PDU, vuelta 1)",5.65,25.39,0.968,2026-09-24T19:58:20+00:00
2026-09-24T15:00:20-05:00,2026-09-24T20:00:20+00:00,Replay de CSV historico (PDU fila C),DC-ENERGIA-09,"2026-09-20T00:32:00-05:00 (historico PDU, vuelta 1)",5.72,25.91,0.959,2026-09-24T20:00:20+00:00
2026-09-24T15:02:43-05:00,2026-09-24T20:02:43+00:00,Replay de CSV historico (PDU fila C),DC-ENERGIA-09,"2026-09-20T00:34:00-05:00 (historico PDU, vuelta 1)",5.48,24.8,0.96,2026-09-24T20:02:42+00:00
2026-09-24T15:04:43-05:00,2026-09-24T20:04:43+00:00,Replay de CSV historico (PDU fila C),DC-ENERGIA-09,"2026-09-20T00:36:00-05:00 (historico PDU, vuelta 1)",5.72,26.02,0.955,2026-09-24T20:04:43+00:00
2026-09-24T15:06:43-05:00,2026-09-24T20:06:43+00:00,Replay de CSV historico (PDU fila C),DC-ENERGIA-09,"2026-09-20T00:38:00-05:00 (historico PDU, vuelta 1)",5.48,24.41,0.976,2026-09-24T20:06:43+00:00
2026-09-24T15:08:43-05:00,2026-09-24T20:08:43+00:00,Replay de CSV historico (PDU fila C),DC-ENERGIA-09,"2026-09-20T00:40:00-05:00 (historico PDU, vuelta 1)",5.5,24.68,0.97,2026-09-24T20:08:43+00:00
2026-09-24T15:10:44-05:00,2026-09-24T20:10:44+00:00,Replay de CSV historico (PDU fila C),DC-ENERGIA-09,"2026-09-20T00:42:00-05:00 (historico PDU, vuelta 1)",5.82,26.48,0.955,2026-09-24T20:10:43+00:00
2026-09-24T15:12:44-05:00,2026-09-24T20:12:44+00:00,Replay de CSV historico (PDU fila C),DC-ENERGIA-09,"2026-09-20T00:44:00-05:00 (historico PDU, vuelta 1)",5.37,24.33,0.96,2026-09-24T20:12:44+00:00
2026-09-24T15:14:44-05:00,2026-09-24T20:14:44+00:00,Replay de CSV historico (PDU fila C),DC-ENERGIA-09,"2026-09-20T00:46:00-05:00 (historico PDU, vuelta 1)",5.59,25.44,0.955,2026-09-24T20:14:44+00:00
2026-09-24T15:16:44-05:00,2026-09-24T20:16:44+00:00,Replay de CSV historico (PDU fila C),DC-ENERGIA-09,"2026-09-20T00:48:00-05:00 (historico PDU, vuelta 1)",5.7,25.66,0.966,2026-09-24T20:16:44+00:00
2026-09-24T15:18:44-05:00,2026-09-24T20:18:44+00:00,Replay de CSV historico (PDU fila C),DC-ENERGIA-09,"2026-09-20T00:50:00-05:00 (historico PDU, vuelta 1)",5.5,24.71,0.968,2026-09-24T20:18:44+00:00
2026-09-24T15:20:45-05:00,2026-09-24T20:20:45+00:00,Replay de CSV historico (PDU fila C),DC-ENERGIA-09,"2026-09-20T00:52:00-05:00 (historico PDU, vuelta 1)",5.46,24.46,0.97,2026-09-24T20:20:44+00:00
2026-09-24T15:22:45-05:00,2026-09-24T20:22:45+00:00,Replay de CSV historico (PDU fila C),DC-ENERGIA-09,"2026-09-20T00:54:00-05:00 (historico PDU, vuelta 1)",5.38,24.12,0.971,2026-09-24T20:22:45+00:00
2026-09-24T15:24:45-05:00,2026-09-24T20:24:45+00:00,Replay de CSV historico (PDU fila C),DC-ENERGIA-09,"2026-09-20T00:56:00-05:00 (historico PDU, vuelta 1)",5.36,24.0,0.972,2026-09-24T20:24:45+00:00
2026-09-24T15:26:45-05:00,2026-09-24T20:26:45+00:00,Replay de CSV historico (PDU fila C),DC-ENERGIA-09,"2026-09-20T00:58:00-05:00 (historico PDU, vuelta 1)",5.59,25.18,0.965,2026-09-24T20:26:45+00:00
2026-09-24T15:28:45-05:00,2026-09-24T20:28:45+00:00,Replay de CSV historico (PDU fila C),DC-ENERGIA-09,"2026-09-20T01:00:00-05:00 (historico PDU, vuelta 1)",5.57,25.01,0.968,2026-09-24T20:28:45+00:00
2026-09-24T15:30:46-05:00,2026-09-24T20:30:46+00:00,Replay de CSV historico (PDU fila C),DC-ENERGIA-09,"2026-09-20T01:02:00-05:00 (historico PDU, vuelta 1)",5.59,24.96,0.973,2026-09-24T20:30:45+00:00
2026-09-24T15:32:46-05:00,2026-09-24T20:32:46+00:00,Replay de CSV historico (PDU fila C),DC-ENERGIA-09,"2026-09-20T01:03:00-05:00 (historico PDU, vuelta 1)",5.76,26.19,0.957,2026-09-24T20:32:46+00:00
2026-09-24T15:34:46-05:00,2026-09-24T20:34:46+00:00,Replay de CSV historico (PDU fila C),DC-ENERGIA-09,"2026-09-20T01:06:00-05:00 (historico PDU, vuelta 1)",5.65,25.23,0.974,2026-09-24T20:34:46+00:00
2026-09-24T15:36:46-05:00,2026-09-24T20:36:46+00:00,Replay de CSV historico (PDU fila C),DC-ENERGIA-09,"2026-09-20T01:07:00-05:00 (historico PDU, vuelta 1)",5.38,24.28,0.963,2026-09-24T20:36:46+00:00
2026-09-24T15:38:47-05:00,2026-09-24T20:38:47+00:00,Replay de CSV historico (PDU fila C),DC-ENERGIA-09,"2026-09-20T01:10:00-05:00 (historico PDU, vuelta 1)",5.49,24.47,0.976,2026-09-24T20:38:46+00:00
2026-09-24T15:40:47-05:00,2026-09-24T20:40:47+00:00,Replay de CSV historico (PDU fila C),DC-ENERGIA-09,"2026-09-20T01:11:00-05:00 (historico PDU, vuelta 1)",5.59,25.47,0.955,2026-09-24T20:40:47+00:00
2026-09-24T15:42:47-05:00,2026-09-24T20:42:47+00:00,Replay de CSV historico (PDU fila C),DC-ENERGIA-09,"2026-09-20T01:14:00-05:00 (historico PDU, vuelta 1)",5.82,26.41,0.958,2026-09-24T20:42:47+00:00
2026-09-24T15:44:47-05:00,2026-09-24T20:44:47+00:00,Replay de CSV historico (PDU fila C),DC-ENERGIA-09,"2026-09-20T01:15:00-05:00 (historico PDU, vuelta 1)",5.47,24.67,0.964,2026-09-24T20:44:47+00:00
2026-09-24T15:46:47-05:00,2026-09-24T20:46:47+00:00,Replay de CSV historico (PDU fila C),DC-ENERGIA-09,"2026-09-20T01:18:00-05:00 (historico PDU, vuelta 1)",5.46,24.67,0.962,2026-09-24T20:46:47+00:00
2026-09-24T15:48:48-05:00,2026-09-24T20:48:48+00:00,Replay de CSV historico (PDU fila C),DC-ENERGIA-09,"2026-09-20T01:19:00-05:00 (historico PDU, vuelta 1)",5.79,25.82,0.975,2026-09-24T20:48:47+00:00
2026-09-24T15:50:48-05:00,2026-09-24T20:50:48+00:00,Replay de CSV historico (PDU fila C),DC-ENERGIA-09,"2026-09-20T01:22:00-05:00 (historico PDU, vuelta 1)",5.72,25.54,0.973,2026-09-24T20:50:48+00:00
2026-09-24T15:52:48-05:00,2026-09-24T20:52:48+00:00,Replay de CSV historico (PDU fila C),DC-ENERGIA-09,"2026-09-20T01:23:00-05:00 (historico PDU, vuelta 1)",5.49,24.64,0.968,2026-09-24T20:52:48+00:00
2026-09-24T15:54:48-05:00,2026-09-24T20:54:48+00:00,Replay de CSV historico (PDU fila C),DC-ENERGIA-09,"2026-09-20T01:26:00-05:00 (historico PDU, vuelta 1)",5.56,25.38,0.953,2026-09-24T20:54:48+00:00
2026-09-24T15:56:49-05:00,2026-09-24T20:56:49+00:00,Replay de CSV historico (PDU fila C),DC-ENERGIA-09,"2026-09-20T01:27:00-05:00 (historico PDU, vuelta 1)",5.66,25.64,0.961,2026-09-24T20:56:48+00:00
2026-09-24T15:58:49-05:00,2026-09-24T20:58:49+00:00,Replay de CSV historico (PDU fila C),DC-ENERGIA-09,"2026-09-20T01:30:00-05:00 (historico PDU, vuelta 1)",5.35,24.34,0.955,2026-09-24T20:58:49+00:00
2026-09-24T16:00:49-05:00,2026-09-24T21:00:49+00:00,Replay de CSV historico (PDU fila C),DC-ENERGIA-09,"2026-09-20T01:32:00-05:00 (historico PDU, vuelta 1)",5.5,25.05,0.955,2026-09-24T21:00:49+00:00
2026-09-24T16:02:49-05:00,2026-09-24T21:02:49+00:00,Replay de CSV historico (PDU fila C),DC-ENERGIA-09,"2026-09-20T01:34:00-05:00 (historico PDU, vuelta 1)",5.32,23.95,0.966,2026-09-24T21:02:49+00:00
2026-09-24T16:04:50-05:00,2026-09-24T21:04:50+00:00,Replay de CSV historico (PDU fila C),DC-ENERGIA-09,"2026-09-20T01:36:00-05:00 (historico PDU, vuelta 1)",5.62,25.48,0.958,2026-09-24T21:04:49+00:00
2026-09-24T16:06:50-05:00,2026-09-24T21:06:50+00:00,Replay de CSV historico (PDU fila C),DC-ENERGIA-09,"2026-09-20T01:38:00-05:00 (historico PDU, vuelta 1)",5.48,24.75,0.962,2026-09-24T21:06:50+00:00
2026-09-24T16:08:50-05:00,2026-09-24T21:08:50+00:00,Replay de CSV historico (PDU fila C),DC-ENERGIA-09,"2026-09-20T01:40:00-05:00 (historico PDU, vuelta 1)",5.42,24.25,0.971,2026-09-24T21:08:50+00:00
2026-09-24T16:10:51-05:00,2026-09-24T21:10:51+00:00,Replay de CSV historico (PDU fila C),DC-ENERGIA-09,"2026-09-20T01:42:00-05:00 (historico PDU, vuelta 1)",5.44,24.73,0.956,2026-09-24T21:10:50+00:00
2026-09-24T16:12:51-05:00,2026-09-24T21:12:51+00:00,Replay de CSV historico (PDU fila C),DC-ENERGIA-09,"2026-09-20T01:44:00-05:00 (historico PDU, vuelta 1)",5.51,24.57,0.976,2026-09-24T21:12:51+00:00
2026-09-24T16:14:51-05:00,2026-09-24T21:14:51+00:00,Replay de CSV historico (PDU fila C),DC-ENERGIA-09,"2026-09-20T01:46:00-05:00 (historico PDU, vuelta 1)",5.6,25.55,0.954,2026-09-24T21:14:51+00:00
2026-09-24T16:16:51-05:00,2026-09-24T21:16:51+00:00,Replay de CSV historico (PDU fila C),DC-ENERGIA-09,"2026-09-20T01:48:00-05:00 (historico PDU, vuelta 1)",5.57,25.05,0.966,2026-09-24T21:16:51+00:00
2026-09-24T16:18:52-05:00,2026-09-24T21:18:52+00:00,Replay de CSV historico (PDU fila C),DC-ENERGIA-09,"2026-09-20T01:49:00-05:00 (historico PDU, vuelta 1)",5.33,23.99,0.966,2026-09-24T21:18:51+00:00
2026-09-24T16:20:52-05:00,2026-09-24T21:20:52+00:00,Replay de CSV historico (PDU fila C),DC-ENERGIA-09,"2026-09-20T01:52:00-05:00 (historico PDU, vuelta 1)",5.63,25.1,0.974,2026-09-24T21:20:52+00:00
2026-09-24T16:22:52-05:00,2026-09-24T21:22:52+00:00,Replay de CSV historico (PDU fila C),DC-ENERGIA-09,"2026-09-20T01:53:00-05:00 (historico PDU, vuelta 1)",5.66,25.68,0.958,2026-09-24T21:22:52+00:00
2026-09-24T16:24:52-05:00,2026-09-24T21:24:52+00:00,Replay de CSV historico (PDU fila C),DC-ENERGIA-09,"2026-09-20T01:56:00-05:00 (historico PDU, vuelta 1)",5.71,25.93,0.958,2026-09-24T21:24:52+00:00
2026-09-24T16:29:42-05:00,2026-09-24T21:29:42+00:00,Replay de CSV historico (PDU fila C),DC-ENERGIA-09,"2026-09-20T00:00:00-05:00 (historico PDU, vuelta 1)",5.72,25.64,0.97,2026-09-24T21:29:42+00:00
2026-09-24T16:31:42-05:00,2026-09-24T21:31:42+00:00,Replay de CSV historico (PDU fila C),DC-ENERGIA-09,"2026-09-20T00:02:00-05:00 (historico PDU, vuelta 1)",5.49,24.48,0.975,2026-09-24T21:31:42+00:00
2026-09-24T16:33:42-05:00,2026-09-24T21:33:42+00:00,Replay de CSV historico (PDU fila C),DC-ENERGIA-09,"2026-09-20T00:04:00-05:00 (historico PDU, vuelta 1)",5.63,25.51,0.959,2026-09-24T21:33:42+00:00
2026-09-24T16:35:42-05:00,2026-09-24T21:35:42+00:00,Replay de CSV historico (PDU fila C),DC-ENERGIA-09,"2026-09-20T00:06:00-05:00 (historico PDU, vuelta 1)",5.64,25.7,0.954,2026-09-24T21:35:42+00:00
2026-09-24T16:37:43-05:00,2026-09-24T21:37:43+00:00,Replay de CSV historico (PDU fila C),DC-ENERGIA-09,"2026-09-20T00:08:00-05:00 (historico PDU, vuelta 1)",5.78,26.02,0.965,2026-09-24T21:37:42+00:00
2026-09-24T16:39:43-05:00,2026-09-24T21:39:43+00:00,Replay de CSV historico (PDU fila C),DC-ENERGIA-09,"2026-09-20T00:10:00-05:00 (historico PDU, vuelta 1)",5.65,25.15,0.976,2026-09-24T21:39:43+00:00
2026-09-24T16:41:43-05:00,2026-09-24T21:41:43+00:00,Replay de CSV historico (PDU fila C),DC-ENERGIA-09,"2026-09-20T00:12:00-05:00 (historico PDU, vuelta 1)",5.84,26.57,0.956,2026-09-24T21:41:43+00:00
2026-09-24T16:43:43-05:00,2026-09-24T21:43:43+00:00,Replay de CSV historico (PDU fila C),DC-ENERGIA-09,"2026-09-20T00:14:00-05:00 (historico PDU, vuelta 1)",5.5,24.82,0.963,2026-09-24T21:43:43+00:00
2026-09-24T16:45:43-05:00,2026-09-24T21:45:43+00:00,Replay de CSV historico (PDU fila C),DC-ENERGIA-09,"2026-09-20T00:16:00-05:00 (historico PDU, vuelta 1)",5.5,24.76,0.965,2026-09-24T21:45:43+00:00
2026-09-24T16:47:44-05:00,2026-09-24T21:47:44+00:00,Replay de CSV historico (PDU fila C),DC-ENERGIA-09,"2026-09-20T00:18:00-05:00 (historico PDU, vuelta 1)",5.64,25.16,0.975,2026-09-24T21:47:43+00:00
2026-09-24T16:49:44-05:00,2026-09-24T21:49:44+00:00,Replay de CSV historico (PDU fila C),DC-ENERGIA-09,"2026-09-20T00:20:00-05:00 (historico PDU, vuelta 1)",5.56,24.95,0.969,2026-09-24T21:49:44+00:00
2026-09-24T16:51:44-05:00,2026-09-24T21:51:44+00:00,Replay de CSV historico (PDU fila C),DC-ENERGIA-09,"2026-09-20T00:22:00-05:00 (historico PDU, vuelta 1)",5.66,25.48,0.965,2026-09-24T21:51:44+00:00
2026-09-24T16:53:44-05:00,2026-09-24T21:53:44+00:00,Replay de CSV historico (PDU fila C),DC-ENERGIA-09,"2026-09-20T00:24:00-05:00 (historico PDU, vuelta 1)",5.63,25.31,0.966,2026-09-24T21:53:44+00:00
2026-09-24T16:55:44-05:00,2026-09-24T21:55:44+00:00,Replay de CSV historico (PDU fila C),DC-ENERGIA-09,"2026-09-20T00:26:00-05:00 (historico PDU, vuelta 1)",5.7,25.98,0.954,2026-09-24T21:55:44+00:00
2026-09-24T16:57:45-05:00,2026-09-24T21:57:45+00:00,Replay de CSV historico (PDU fila C),DC-ENERGIA-09,"2026-09-20T00:28:00-05:00 (historico PDU, vuelta 1)",5.56,25.03,0.967,2026-09-24T21:57:44+00:00
2026-09-24T16:59:45-05:00,2026-09-24T21:59:45+00:00,Replay de CSV historico (PDU fila C),DC-ENERGIA-09,"2026-09-20T00:30:00-05:00 (historico PDU, vuelta 1)",5.65,25.39,0.968,2026-09-24T21:59:45+00:00
2026-09-24T17:01:45-05:00,2026-09-24T22:01:45+00:00,Replay de CSV historico (PDU fila C),DC-ENERGIA-09,"2026-09-20T00:32:00-05:00 (historico PDU, vuelta 1)",5.72,25.91,0.959,2026-09-24T22:01:45+00:00
2026-09-24T17:03:45-05:00,2026-09-24T22:03:45+00:00,Replay de CSV historico (PDU fila C),DC-ENERGIA-09,"2026-09-20T00:34:00-05:00 (historico PDU, vuelta 1)",5.48,24.8,0.96,2026-09-24T22:03:45+00:00
2026-09-24T17:05:45-05:00,2026-09-24T22:05:45+00:00,Replay de CSV historico (PDU fila C),DC-ENERGIA-09,"2026-09-20T00:36:00-05:00 (historico PDU, vuelta 1)",5.72,26.02,0.955,2026-09-24T22:05:45+00:00
2026-09-24T17:07:46-05:00,2026-09-24T22:07:46+00:00,Replay de CSV historico (PDU fila C),DC-ENERGIA-09,"2026-09-20T00:38:00-05:00 (historico PDU, vuelta 1)",5.48,24.41,0.976,2026-09-24T22:07:45+00:00
2026-09-24T17:09:46-05:00,2026-09-24T22:09:46+00:00,Replay de CSV historico (PDU fila C),DC-ENERGIA-09,"2026-09-20T00:40:00-05:00 (historico PDU, vuelta 1)",5.5,24.68,0.97,2026-09-24T22:09:46+00:00
2026-09-24T17:11:46-05:00,2026-09-24T22:11:46+00:00,Replay de CSV historico (PDU fila C),DC-ENERGIA-09,"2026-09-20T00:42:00-05:00 (historico PDU, vuelta 1)",5.82,26.48,0.955,2026-09-24T22:11:46+00:00
2026-09-24T17:13:46-05:00,2026-09-24T22:13:46+00:00,Replay de CSV historico (PDU fila C),DC-ENERGIA-09,"2026-09-20T00:44:00-05:00 (historico PDU, vuelta 1)",5.37,24.33,0.96,2026-09-24T22:13:46+00:00
