ts_origen,carga_it,potenciaKw,corrienteA,factorPotencia
2026-09-20T00:00:00-05:00,0.464,5.72,25.64,0.97
2026-09-20T00:02:00-05:00,0.463,5.49,24.48,0.975
2026-09-20T00:04:00-05:00,0.462,5.63,25.51,0.959
2026-09-20T00:06:00-05:00,0.461,5.64,25.7,0.954
2026-09-20T00:08:00-05:00,0.46,5.78,26.02,0.965
2026-09-20T00:10:00-05:00,0.459,5.65,25.15,0.976
2026-09-20T00:12:00-05:00,0.459,5.84,26.57,0.956
2026-09-20T00:14:00-05:00,0.458,5.5,24.82,0.963
2026-09-20T00:16:00-05:00,0.457,5.5,24.76,0.965
2026-09-20T00:18:00-05:00,0.456,5.64,25.16,0.975
2026-09-20T00:20:00-05:00,0.455,5.56,24.95,0.969
2026-09-20T00:22:00-05:00,0.454,5.66,25.48,0.965
2026-09-20T00:24:00-05:00,0.453,5.63,25.31,0.966
2026-09-20T00:26:00-05:00,0.453,5.7,25.98,0.954
2026-09-20T00:28:00-05:00,0.452,5.56,25.03,0.967
2026-09-20T00:30:00-05:00,0.451,5.65,25.39,0.968
2026-09-20T00:32:00-05:00,0.45,5.72,25.91,0.959
2026-09-20T00:34:00-05:00,0.449,5.48,24.8,0.96
2026-09-20T00:36:00-05:00,0.449,5.72,26.02,0.955
2026-09-20T00:38:00-05:00,0.448,5.48,24.41,0.976
2026-09-20T00:40:00-05:00,0.447,5.5,24.68,0.97
2026-09-20T00:42:00-05:00,0.446,5.82,26.48,0.955
2026-09-20T00:44:00-05:00,0.446,5.37,24.33,0.96
2026-09-20T00:46:00-05:00,0.445,5.59,25.44,0.955
2026-09-20T00:48:00-05:00,0.444,5.7,25.66,0.966
2026-09-20T00:50:00-05:00,0.443,5.5,24.71,0.968
2026-09-20T00:52:00-05:00,0.443,5.46,24.46,0.97
2026-09-20T00:54:00-05:00,0.442,5.38,24.12,0.971
2026-09-20T00:56:00-05:00,0.441,5.36,24.0,0.972
2026-09-20T00:58:00-05:00,0.441,5.59,25.18,0.965
2026-09-20T01:00:00-05:00,0.44,5.57,25.01,0.968
2026-09-20T01:02:00-05:00,0.439,5.59,24.96,0.973
2026-09-20T01:03:00-05:00,0.439,5.76,26.19,0.957
2026-09-20T01:06:00-05:00,0.438,5.65,25.23,0.974
2026-09-20T01:07:00-05:00,0.438,5.38,24.28,0.963
2026-09-20T01:10:00-05:00,0.437,5.49,24.47,0.976
2026-09-20T01:11:00-05:00,0.436,5.59,25.47,0.955
2026-09-20T01:14:00-05:00,0.436,5.82,26.41,0.958
2026-09-20T01:15:00-05:00,0.435,5.47,24.67,0.964
2026-09-20T01:18:00-05:00,0.435,5.46,24.67,0.962
2026-09-20T01:19:00-05:00,0.434,5.79,25.82,0.975
2026-09-20T01:22:00-05:00,0.434,5.72,25.54,0.973
2026-09-20T01:23:00-05:00,0.433,5.49,24.64,0.968
2026-09-20T01:26:00-05:00,0.432,5.56,25.38,0.953
2026-09-20T01:27:00-05:00,0.432,5.66,25.64,0.961
2026-09-20T01:30:00-05:00,0.431,5.35,24.34,0.955
2026-09-20T01:32:00-05:00,0.431,5.5,25.05,0.955
2026-09-20T01:34:00-05:00,0.43,5.32,23.95,0.966
2026-09-20T01:36:00-05:00,0.43,5.62,25.48,0.958
2026-09-20T01:38:00-05:00,0.429,5.48,24.75,0.962
2026-09-20T01:40:00-05:00,0.429,5.42,24.25,0.971
2026-09-20T01:42:00-05:00,0.429,5.44,24.73,0.956
2026-09-20T01:44:00-05:00,0.428,5.51,24.57,0.976
2026-09-20T01:46:00-05:00,0.428,5.6,25.55,0.954
2026-09-20T01:48:00-05:00,0.427,5.57,25.05,0.966
2026-09-20T01:49:00-05:00,0.427,5.33,23.99,0.966
2026-09-20T01:52:00-05:00,0.427,5.63,25.1,0.974
2026-09-20T01:53:00-05:00,0.426,5.66,25.68,0.958
2026-09-20T01:56:00-05:00,0.426,5.71,25.93,0.958
2026-09-20T01:57:00-05:00,0.425,5.4,24.23,0.968
2026-09-20T02:00:00-05:00,0.425,5.59,25.3,0.961
2026-09-20T02:01:00-05:00,0.425,5.42,24.2,0.974
2026-09-20T02:04:00-05:00,0.424,5.68,25.79,0.958
2026-09-20T02:06:00-05:00,0.424,5.73,25.74,0.967
2026-09-20T02:07:00-05:00,0.424,5.75,26.19,0.954
2026-09-20T02:09:00-05:00,0.424,5.51,24.91,0.962
2026-09-20T02:12:00-05:00,0.423,5.6,25.39,0.959
2026-09-20T02:14:00-05:00,0.423,5.31,23.71,0.973
2026-09-20T02:15:00-05:00,0.423,5.53,24.75,0.972
2026-09-20T02:17:00-05:00,0.423,5.54,24.9,0.968
2026-09-20T02:20:00-05:00,0.422,5.5,24.93,0.96
2026-09-20T02:22:00-05:00,0.422,5.76,25.99,0.963
2026-09-20T02:23:00-05:00,0.422,5.46,24.46,0.971
2026-09-20T02:25:00-05:00,0.422,5.71,25.46,0.975
2026-09-20T02:28:00-05:00,0.421,5.36,23.98,0.972
2026-09-20T02:30:00-05:00,0.421,5.61,25.42,0.96
2026-09-20T02:31:00-05:00,0.421,5.61,24.98,0.977
2026-09-20T02:34:00-05:00,0.421,5.57,25.2,0.96
2026-09-20T02:36:00-05:00,0.421,5.56,25.02,0.965
2026-09-20T02:38:00-05:00,0.421,5.38,24.23,0.966
2026-09-20T02:39:00-05:00,0.421,5.43,24.32,0.971
2026-09-20T02:42:00-05:00,0.42,5.51,25.09,0.954
2026-09-20T02:44:00-05:00,0.42,5.57,24.94,0.971
2026-09-20T02:46:00-05:00,0.42,5.65,25.16,0.976
2026-09-20T02:47:00-05:00,0.42,5.47,24.83,0.957
2026-09-20T02:50:00-05:00,0.42,5.71,25.92,0.958
2026-09-20T02:52:00-05:00,0.42,5.67,25.68,0.959
2026-09-20T02:53:00-05:00,0.42,5.56,24.77,0.976
2026-09-20T02:55:00-05:00,0.42,5.46,24.82,0.956
2026-09-20T02:58:00-05:00,0.42,5.48,24.43,0.975
2026-09-20T03:00:00-05:00,0.42,5.52,24.86,0.966
2026-09-20T03:01:00-05:00,0.42,5.45,24.77,0.957
2026-09-20T03:04:00-05:00,0.42,5.36,24.2,0.964
2026-09-20T03:06:00-05:00,0.42,5.33,23.94,0.967
2026-09-20T03:07:00-05:00,0.42,5.52,25.11,0.956
2026-09-20T03:09:00-05:00,0.42,5.36,24.43,0.954
2026-09-20T03:12:00-05:00,0.42,5.56,24.86,0.972
2026-09-20T03:14:00-05:00,0.42,5.69,25.52,0.97
2026-09-20T03:15:00-05:00,0.42,5.65,25.22,0.975
2026-09-20T03:17:00-05:00,0.42,5.77,26.25,0.955
2026-09-20T03:20:00-05:00,0.421,5.28,24.03,0.956
2026-09-20T03:22:00-05:00,0.421,5.35,24.32,0.956
2026-09-20T03:23:00-05:00,0.421,5.56,24.89,0.972
2026-09-20T03:25:00-05:00,0.421,5.74,26.05,0.958
2026-09-20T03:28:00-05:00,0.421,5.32,24.21,0.955
2026-09-20T03:30:00-05:00,0.421,5.74,26.11,0.956
2026-09-20T03:31:00-05:00,0.421,5.56,25.22,0.958
2026-09-20T03:34:00-05:00,0.422,5.65,25.21,0.975
2026-09-20T03:36:00-05:00,0.422,5.61,25.15,0.97
2026-09-20T03:38:00-05:00,0.422,5.52,24.65,0.974
2026-09-20T03:39:00-05:00,0.422,5.78,26.05,0.964
2026-09-20T03:42:00-05:00,0.423,5.66,25.24,0.975
2026-09-20T03:44:00-05:00,0.423,5.54,24.82,0.971
2026-09-20T03:46:00-05:00,0.423,5.66,25.67,0.959
2026-09-20T03:47:00-05:00,0.423,5.56,25.23,0.958
2026-09-20T03:50:00-05:00,0.424,5.79,26.38,0.954
2026-09-20T03:52:00-05:00,0.424,5.61,25.03,0.974
2026-09-20T03:53:00-05:00,0.424,5.74,26.08,0.957
2026-09-20T03:55:00-05:00,0.424,5.51,24.84,0.964
2026-09-20T03:58:00-05:00,0.425,5.68,25.74,0.959
2026-09-20T04:00:00-05:00,0.425,5.47,24.84,0.958
2026-09-20T04:01:00-05:00,0.425,5.53,24.68,0.975
2026-09-20T04:03:00-05:00,0.426,5.36,23.99,0.972
2026-09-20T04:05:00-05:00,0.426,5.42,24.26,0.972
2026-09-20T04:08:00-05:00,0.427,5.51,24.96,0.959
2026-09-20T04:10:00-05:00,0.427,5.69,25.94,0.954
2026-09-20T04:12:00-05:00,0.427,5.55,25.22,0.957
2026-09-20T04:14:00-05:00,0.428,5.49,24.68,0.967
2026-09-20T04:15:00-05:00,0.428,5.53,24.68,0.975
2026-09-20T04:17:00-05:00,0.429,5.67,25.86,0.953
2026-09-20T04:19:00-05:00,0.429,5.32,23.88,0.968
2026-09-20T04:21:00-05:00,0.429,5.62,25.34,0.964
2026-09-20T04:24:00-05:00,0.43,5.52,25.15,0.954
2026-09-20T04:26:00-05:00,0.43,5.63,25.1,0.976
2026-09-20T04:28:00-05:00,0.431,5.77,25.78,0.972
2026-09-20T04:30:00-05:00,0.431,5.42,24.46,0.964
2026-09-20T04:31:00-05:00,0.432,5.41,24.45,0.962
2026-09-20T04:33:00-05:00,0.432,5.63,25.31,0.968
2026-09-20T04:35:00-05:00,0.433,5.48,24.93,0.956
2026-09-20T04:38:00-05:00,0.434,5.66,25.42,0.968
2026-09-20T04:40:00-05:00,0.434,5.38,24.02,0.974
2026-09-20T04:42:00-05:00,0.435,5.77,26.29,0.954
2026-09-20T04:44:00-05:00,0.435,5.49,25.05,0.954
2026-09-20T04:46:00-05:00,0.436,5.4,24.49,0.959
2026-09-20T04:47:00-05:00,0.436,5.48,24.45,0.975
2026-09-20T04:49:00-05:00,0.437,5.39,24.51,0.957
2026-09-20T04:51:00-05:00,0.438,5.51,24.86,0.964
2026-09-20T04:54:00-05:00,0.438,5.59,25.41,0.957
2026-09-20T04:56:00-05:00,0.439,5.37,24.49,0.954
2026-09-20T04:58:00-05:00,0.439,5.44,24.29,0.974
2026-09-20T05:00:00-05:00,0.44,5.43,24.64,0.959
2026-09-20T05:01:00-05:00,0.441,5.54,24.98,0.964
2026-09-20T05:03:00-05:00,0.441,5.74,25.71,0.971
2026-09-20T05:05:00-05:00,0.442,5.65,25.54,0.961
2026-09-20T05:08:00-05:00,0.443,5.67,25.74,0.958
2026-09-20T05:10:00-05:00,0.443,5.38,24.47,0.956
2026-09-20T05:12:00-05:00,0.444,5.44,24.41,0.969
2026-09-20T05:14:00-05:00,0.445,5.76,25.69,0.974
2026-09-20T05:15:00-05:00,0.446,5.86,26.17,0.974
2026-09-20T05:17:00-05:00,0.446,5.5,24.96,0.958
2026-09-20T05:19:00-05:00,0.447,5.53,24.59,0.977
2026-09-20T05:21:00-05:00,0.448,5.45,24.35,0.974
2026-09-20T05:24:00-05:00,0.449,5.46,24.63,0.964
2026-09-20T05:26:00-05:00,0.449,5.54,25.04,0.961
2026-09-20T05:28:00-05:00,0.45,5.79,26.24,0.96
2026-09-20T05:30:00-05:00,0.451,5.6,25.51,0.954
2026-09-20T05:31:00-05:00,0.452,5.45,24.73,0.958
2026-09-20T05:33:00-05:00,0.453,5.53,24.96,0.964
2026-09-20T05:35:00-05:00,0.453,5.46,24.73,0.959
2026-09-20T05:38:00-05:00,0.454,5.55,25.19,0.958
2026-09-20T05:40:00-05:00,0.455,5.83,26.02,0.973
2026-09-20T05:42:00-05:00,0.456,5.5,24.49,0.977
2026-09-20T05:44:00-05:00,0.457,5.69,25.33,0.976
2026-09-20T05:46:00-05:00,0.458,5.62,25.42,0.962
2026-09-20T05:47:00-05:00,0.459,5.81,26.01,0.971
2026-09-20T05:49:00-05:00,0.459,5.51,25.07,0.955
2026-09-20T05:51:00-05:00,0.46,5.42,24.15,0.975
2026-09-20T05:54:00-05:00,0.461,5.9,26.59,0.964
2026-09-20T05:56:00-05:00,0.462,5.88,26.36,0.97
2026-09-20T05:58:00-05:00,0.463,5.61,25.32,0.963
2026-09-20T06:00:00-05:00,0.464,5.77,26.15,0.96
2026-09-20T06:01:00-05:00,0.465,5.76,25.65,0.976
2026-09-20T06:03:00-05:00,0.466,5.85,26.6,0.957
2026-09-20T06:05:00-05:00,0.467,5.93,26.9,0.958
2026-09-20T06:08:00-05:00,0.468,5.48,24.76,0.963
2026-09-20T06:10:00-05:00,0.469,5.75,25.64,0.975
2026-09-20T06:12:00-05:00,0.47,5.63,25.17,0.972
2026-09-20T06:14:00-05:00,0.471,5.46,24.69,0.962
2026-09-20T06:15:00-05:00,0.472,5.77,26.1,0.961
2026-09-20T06:17:00-05:00,0.473,5.64,25.64,0.957
2026-09-20T06:19:00-05:00,0.474,5.55,24.85,0.971
2026-09-20T06:21:00-05:00,0.475,5.93,26.77,0.963
2026-09-20T06:24:00-05:00,0.476,5.79,25.77,0.976
2026-09-20T06:26:00-05:00,0.477,5.92,26.95,0.956
2026-09-20T06:28:00-05:00,0.478,5.52,24.68,0.972
2026-09-20T06:30:00-05:00,0.479,5.67,25.83,0.955
2026-09-20T06:31:00-05:00,0.48,5.67,25.81,0.956
2026-09-20T06:33:00-05:00,0.481,5.62,25.34,0.964
2026-09-20T06:35:00-05:00,0.482,5.53,24.71,0.973
2026-09-20T06:38:00-05:00,0.483,5.71,25.62,0.97
2026-09-20T06:40:00-05:00,0.484,5.7,25.65,0.966
2026-09-20T06:42:00-05:00,0.485,5.58,24.94,0.973
2026-09-20T06:44:00-05:00,0.486,5.95,26.86,0.963
2026-09-20T06:46:00-05:00,0.487,5.82,26.38,0.959
2026-09-20T06:47:00-05:00,0.488,5.9,26.91,0.954
2026-09-20T06:49:00-05:00,0.489,5.56,25.11,0.963
2026-09-20T06:51:00-05:00,0.491,5.92,26.92,0.957
2026-09-20T06:54:00-05:00,0.492,5.77,26.2,0.957
2026-09-20T06:56:00-05:00,0.493,5.99,27.29,0.954
2026-09-20T06:58:00-05:00,0.494,5.55,25.17,0.959
2026-09-20T07:00:00-05:00,0.495,6.0,27.11,0.962
2026-09-20T07:01:00-05:00,0.496,5.64,25.42,0.965
2026-09-20T07:03:00-05:00,0.497,5.92,26.91,0.957
2026-09-20T07:05:00-05:00,0.498,5.68,25.33,0.974
2026-09-20T07:08:00-05:00,0.5,5.9,26.74,0.959
2026-09-20T07:10:00-05:00,0.501,5.72,25.69,0.968
2026-09-20T07:12:00-05:00,0.502,5.93,26.94,0.958
2026-09-20T07:14:00-05:00,0.503,5.71,25.82,0.961
2026-09-20T07:15:00-05:00,0.504,6.03,27.36,0.958
2026-09-20T07:17:00-05:00,0.505,5.85,26.03,0.977
2026-09-20T07:19:00-05:00,0.507,6.07,27.29,0.967
2026-09-20T07:21:00-05:00,0.508,5.8,25.87,0.974
2026-09-20T07:24:00-05:00,0.509,6.08,27.56,0.959
2026-09-20T07:26:00-05:00,0.51,5.75,25.69,0.973
2026-09-20T07:28:00-05:00,0.511,5.79,25.94,0.97
2026-09-20T07:30:00-05:00,0.513,6.0,26.77,0.975
2026-09-20T07:31:00-05:00,0.514,6.04,27.18,0.966
2026-09-20T07:33:00-05:00,0.515,5.77,26.29,0.955
2026-09-20T07:35:00-05:00,0.516,6.09,27.14,0.975
2026-09-20T07:38:00-05:00,0.517,5.86,26.64,0.956
2026-09-20T07:40:00-05:00,0.519,6.1,27.64,0.96
2026-09-20T07:42:00-05:00,0.52,5.82,26.46,0.956
2026-09-20T07:44:00-05:00,0.521,5.87,26.24,0.972
2026-09-20T07:46:00-05:00,0.522,5.77,25.73,0.975
2026-09-20T07:47:00-05:00,0.524,6.08,27.1,0.975
2026-09-20T07:49:00-05:00,0.525,5.79,26.3,0.957
2026-09-20T07:51:00-05:00,0.526,5.91,26.9,0.955
2026-09-20T07:54:00-05:00,0.527,5.73,25.56,0.974
2026-09-20T07:56:00-05:00,0.529,5.88,26.5,0.965
2026-09-20T07:58:00-05:00,0.53,5.89,26.83,0.954
2026-09-20T08:00:00-05:00,0.531,5.95,27.03,0.956
2026-09-20T08:01:00-05:00,0.532,5.68,25.42,0.972
2026-09-20T08:03:00-05:00,0.534,5.8,26.36,0.956
2026-09-20T08:05:00-05:00,0.535,6.01,27.0,0.967
2026-09-20T08:07:00-05:00,0.536,5.93,26.77,0.964
2026-09-20T08:09:00-05:00,0.538,5.7,25.93,0.957
2026-09-20T08:11:00-05:00,0.539,6.17,27.98,0.958
2026-09-20T08:13:00-05:00,0.54,6.06,27.55,0.956
2026-09-20T08:16:00-05:00,0.541,5.96,26.68,0.971
2026-09-20T08:18:00-05:00,0.543,6.02,26.88,0.973
2026-09-20T08:20:00-05:00,0.544,6.04,27.3,0.962
2026-09-20T08:22:00-05:00,0.545,6.05,27.19,0.967
2026-09-20T08:24:00-05:00,0.547,5.71,25.61,0.97
2026-09-20T08:26:00-05:00,0.548,5.99,27.11,0.961
2026-09-20T08:28:00-05:00,0.549,6.1,27.43,0.967
2026-09-20T08:30:00-05:00,0.55,6.01,27.1,0.964
2026-09-20T08:31:00-05:00,0.552,5.94,26.96,0.959
2026-09-20T08:33:00-05:00,0.553,6.14,27.79,0.96
2026-09-20T08:35:00-05:00,0.554,5.91,26.61,0.965
2026-09-20T08:37:00-05:00,0.556,6.07,27.56,0.957
2026-09-20T08:39:00-05:00,0.557,6.12,27.71,0.96
2026-09-20T08:41:00-05:00,0.558,5.88,26.34,0.971
2026-09-20T08:43:00-05:00,0.56,6.02,27.25,0.961
2026-09-20T08:46:00-05:00,0.561,6.0,26.72,0.977
2026-09-20T08:48:00-05:00,0.562,5.77,26.13,0.959
2026-09-20T08:50:00-05:00,0.563,5.93,27.02,0.953
2026-09-20T08:52:00-05:00,0.565,6.14,27.48,0.972
2026-09-20T08:54:00-05:00,0.566,6.05,27.01,0.974
2026-09-20T08:56:00-05:00,0.567,5.96,26.65,0.972
2026-09-20T08:58:00-05:00,0.569,5.93,26.52,0.972
2026-09-20T09:00:00-05:00,0.57,5.94,26.91,0.96
2026-09-20T09:01:00-05:00,0.571,6.11,27.8,0.955
2026-09-20T09:03:00-05:00,0.573,6.25,28.21,0.963
2026-09-20T09:05:00-05:00,0.574,6.11,27.6,0.962
2026-09-20T09:07:00-05:00,0.575,6.05,27.07,0.971
2026-09-20T09:09:00-05:00,0.577,6.16,27.67,0.967
2026-09-20T09:11:00-05:00,0.578,6.03,27.15,0.966
2026-09-20T09:13:00-05:00,0.579,6.02,27.21,0.962
2026-09-20T09:16:00-05:00,0.58,6.27,28.5,0.956
2026-09-20T09:18:00-05:00,0.582,5.94,26.95,0.957
2026-09-20T09:20:00-05:00,0.583,5.85,26.52,0.959
2026-09-20T09:22:00-05:00,0.584,6.21,27.99,0.964
2026-09-20T09:24:00-05:00,0.586,5.93,26.79,0.962
2026-09-20T09:26:00-05:00,0.587,5.87,26.73,0.955
2026-09-20T09:28:00-05:00,0.588,6.31,28.5,0.963
2026-09-20T09:30:00-05:00,0.59,6.07,27.64,0.956
2026-09-20T09:31:00-05:00,0.591,6.24,28.46,0.953
2026-09-20T09:33:00-05:00,0.592,5.88,26.45,0.966
2026-09-20T09:35:00-05:00,0.593,6.19,27.95,0.962
2026-09-20T09:37:00-05:00,0.595,5.89,26.54,0.966
2026-09-20T09:39:00-05:00,0.596,6.26,28.55,0.953
2026-09-20T09:41:00-05:00,0.597,5.99,27.03,0.964
2026-09-20T09:43:00-05:00,0.599,6.06,27.5,0.958
2026-09-20T09:46:00-05:00,0.6,5.94,26.77,0.965
2026-09-20T09:48:00-05:00,0.601,5.99,26.85,0.971
2026-09-20T09:50:00-05:00,0.602,5.99,26.77,0.973
2026-09-20T09:52:00-05:00,0.604,6.12,27.78,0.957
2026-09-20T09:54:00-05:00,0.605,5.99,26.9,0.968
2026-09-20T09:56:00-05:00,0.606,6.11,27.63,0.962
2026-09-20T09:58:00-05:00,0.608,6.02,27.18,0.963
2026-09-20T10:00:00-05:00,0.609,6.02,27.07,0.967
2026-09-20T10:01:00-05:00,0.61,6.04,27.32,0.962
2026-09-20T10:03:00-05:00,0.611,5.95,26.64,0.97
2026-09-20T10:05:00-05:00,0.613,6.3,28.46,0.963
2026-09-20T10:07:00-05:00,0.614,6.14,27.79,0.96
2026-09-20T10:09:00-05:00,0.615,6.26,28.23,0.964
2026-09-20T10:11:00-05:00,0.616,6.01,26.74,0.977
2026-09-20T10:13:00-05:00,0.618,6.24,28.25,0.961
2026-09-20T10:16:00-05:00,0.619,6.41,29.17,0.956
2026-09-20T10:18:00-05:00,0.62,6.1,27.4,0.967
2026-09-20T10:20:00-05:00,0.621,6.43,28.95,0.965
2026-09-20T10:22:00-05:00,0.623,6.26,28.21,0.965
2026-09-20T10:24:00-05:00,0.624,6.1,27.29,0.972
2026-09-20T10:26:00-05:00,0.625,6.16,27.76,0.965
2026-09-20T10:28:00-05:00,0.626,6.11,27.45,0.968
2026-09-20T10:30:00-05:00,0.627,6.06,27.01,0.975
2026-09-20T10:31:00-05:00,0.629,6.39,28.83,0.964
2026-09-20T10:33:00-05:00,0.63,6.07,27.08,0.974
2026-09-20T10:35:00-05:00,0.631,6.16,27.45,0.976
2026-09-20T10:37:00-05:00,0.632,6.44,28.87,0.97
2026-09-20T10:39:00-05:00,0.633,6.42,28.98,0.963
2026-09-20T10:41:00-05:00,0.635,6.17,27.76,0.966
2026-09-20T10:43:00-05:00,0.636,6.23,28.01,0.968
2026-09-20T10:46:00-05:00,0.637,6.29,28.32,0.966
2026-09-20T10:48:00-05:00,0.638,6.25,27.96,0.973
2026-09-20T10:50:00-05:00,0.639,6.32,28.49,0.964
2026-09-20T10:52:00-05:00,0.64,6.43,29.2,0.957
2026-09-20T10:54:00-05:00,0.642,6.41,28.64,0.974
2026-09-20T10:56:00-05:00,0.643,6.21,27.83,0.971
2026-09-20T10:58:00-05:00,0.644,6.27,28.46,0.958
2026-09-20T11:00:00-05:00,0.645,6.23,27.94,0.97
2026-09-20T11:01:00-05:00,0.646,6.13,27.56,0.967
2026-09-20T11:03:00-05:00,0.647,6.49,29.55,0.954
2026-09-20T11:05:00-05:00,0.648,6.48,29.39,0.958
2026-09-20T11:07:00-05:00,0.649,6.25,28.38,0.958
2026-09-20T11:09:00-05:00,0.651,6.24,27.97,0.969
2026-09-20T11:11:00-05:00,0.652,6.43,28.71,0.974
2026-09-20T11:13:00-05:00,0.653,6.32,28.26,0.973
2026-09-20T11:16:00-05:00,0.654,6.53,29.56,0.961
2026-09-20T11:18:00-05:00,0.655,6.38,28.79,0.964
2026-09-20T11:20:00-05:00,0.656,6.27,28.42,0.959
2026-09-20T11:22:00-05:00,0.657,6.56,29.72,0.96
2026-09-20T11:24:00-05:00,0.658,6.58,29.74,0.962
2026-09-20T11:26:00-05:00,0.659,6.34,28.22,0.976
2026-09-20T11:28:00-05:00,0.66,6.47,29.22,0.963
2026-09-20T11:30:00-05:00,0.661,6.17,27.78,0.966
2026-09-20T11:31:00-05:00,0.662,6.52,29.28,0.969
2026-09-20T11:33:00-05:00,0.663,6.15,27.75,0.963
2026-09-20T11:35:00-05:00,0.664,6.26,27.91,0.975
2026-09-20T11:37:00-05:00,0.665,6.37,28.61,0.967
2026-09-20T11:39:00-05:00,0.666,6.48,28.86,0.977
2026-09-20T11:41:00-05:00,0.667,6.14,27.91,0.956
2026-09-20T11:43:00-05:00,0.668,6.56,29.44,0.968
2026-09-20T11:46:00-05:00,0.669,6.53,29.3,0.97
2026-09-20T11:48:00-05:00,0.67,6.35,28.74,0.961
2026-09-20T11:50:00-05:00,0.671,6.36,28.51,0.97
2026-09-20T11:52:00-05:00,0.672,6.5,29.03,0.973
2026-09-20T11:54:00-05:00,0.673,6.35,28.74,0.961
2026-09-20T11:56:00-05:00,0.674,6.32,28.63,0.96
2026-09-20T11:58:00-05:00,0.675,6.17,28.05,0.956
2026-09-20T12:00:00-05:00,0.676,6.27,28.09,0.97
2026-09-20T12:01:00-05:00,0.677,6.33,28.52,0.966
2026-09-20T12:03:00-05:00,0.678,6.62,29.8,0.965
2026-09-20T12:05:00-05:00,0.679,6.16,28.03,0.955
2026-09-20T12:07:00-05:00,0.68,6.56,29.35,0.972
2026-09-20T12:09:00-05:00,0.681,6.4,29.02,0.959
2026-09-20T12:11:00-05:00,0.681,6.22,28.26,0.957
2026-09-20T12:13:00-05:00,0.682,6.25,28.28,0.961
2026-09-20T12:16:00-05:00,0.683,6.42,28.62,0.975
2026-09-20T12:18:00-05:00,0.684,6.42,29.11,0.959
2026-09-20T12:20:00-05:00,0.685,6.4,29.08,0.958
2026-09-20T12:22:00-05:00,0.686,6.36,28.74,0.963
2026-09-20T12:24:00-05:00,0.687,6.32,28.46,0.966
2026-09-20T12:26:00-05:00,0.687,6.36,28.95,0.955
2026-09-20T12:28:00-05:00,0.688,6.25,28.11,0.966
2026-09-20T12:30:00-05:00,0.689,6.42,29.11,0.959
2026-09-20T12:31:00-05:00,0.69,6.4,28.58,0.973
2026-09-20T12:33:00-05:00,0.691,6.64,29.8,0.969
2026-09-20T12:35:00-05:00,0.691,6.26,28.51,0.955
2026-09-20T12:37:00-05:00,0.692,6.68,30.11,0.965
2026-09-20T12:39:00-05:00,0.693,6.45,29.12,0.963
2026-09-20T12:41:00-05:00,0.694,6.35,28.55,0.968
2026-09-20T12:43:00-05:00,0.694,6.53,29.07,0.976
2026-09-20T12:46:00-05:00,0.695,6.45,28.89,0.971
2026-09-20T12:48:00-05:00,0.696,6.36,28.46,0.971
2026-09-20T12:50:00-05:00,0.697,6.38,28.58,0.97
2026-09-20T12:52:00-05:00,0.697,6.62,29.66,0.971
2026-09-20T12:54:00-05:00,0.698,6.6,29.89,0.959
2026-09-20T12:56:00-05:00,0.699,6.31,28.31,0.97
2026-09-20T12:58:00-05:00,0.699,6.38,28.91,0.959
2026-09-20T13:00:00-05:00,0.7,6.27,28.51,0.956
2026-09-20T13:01:00-05:00,0.701,6.5,29.61,0.954
2026-09-20T13:03:00-05:00,0.701,6.6,29.59,0.97
2026-09-20T13:05:00-05:00,0.702,6.6,29.52,0.972
2026-09-20T13:07:00-05:00,0.702,6.58,29.98,0.954
2026-09-20T13:09:00-05:00,0.703,6.62,30.08,0.956
2026-09-20T13:11:00-05:00,0.704,6.38,28.45,0.975
2026-09-20T13:13:00-05:00,0.704,6.38,28.95,0.958
2026-09-20T13:16:00-05:00,0.705,6.67,30.24,0.959
2026-09-20T13:18:00-05:00,0.705,6.5,29.48,0.958
2026-09-20T13:20:00-05:00,0.706,6.28,28.21,0.968
2026-09-20T13:22:00-05:00,0.706,6.44,29.14,0.96
2026-09-20T13:24:00-05:00,0.707,6.55,29.48,0.966
2026-09-20T13:26:00-05:00,0.708,6.51,29.27,0.967
2026-09-20T13:28:00-05:00,0.708,6.32,28.29,0.972
2026-09-20T13:30:00-05:00,0.709,6.34,28.5,0.967
2026-09-20T13:31:00-05:00,0.709,6.53,29.52,0.961
2026-09-20T13:33:00-05:00,0.71,6.66,30.34,0.955
2026-09-20T13:35:00-05:00,0.71,6.52,29.61,0.957
2026-09-20T13:37:00-05:00,0.711,6.54,29.78,0.955
2026-09-20T13:39:00-05:00,0.711,6.46,29.39,0.955
2026-09-20T13:41:00-05:00,0.711,6.33,28.3,0.973
2026-09-20T13:43:00-05:00,0.712,6.72,30.44,0.96
2026-09-20T13:46:00-05:00,0.712,6.53,29.2,0.973
2026-09-20T13:48:00-05:00,0.713,6.69,29.91,0.973
2026-09-20T13:50:00-05:00,0.713,6.56,29.39,0.971
2026-09-20T13:52:00-05:00,0.713,6.36,28.36,0.975
2026-09-20T13:54:00-05:00,0.714,6.34,28.72,0.96
2026-09-20T13:56:00-05:00,0.714,6.38,28.64,0.968
2026-09-20T13:58:00-05:00,0.715,6.41,29.19,0.954
2026-09-20T14:00:00-05:00,0.715,6.45,29.27,0.958
2026-09-20T14:01:00-05:00,0.715,6.54,29.74,0.957
2026-09-20T14:03:00-05:00,0.716,6.76,30.74,0.957
2026-09-20T14:05:00-05:00,0.716,6.55,29.14,0.977
2026-09-20T14:07:00-05:00,0.716,6.77,30.16,0.975
2026-09-20T14:09:00-05:00,0.716,6.69,30.22,0.963
2026-09-20T14:11:00-05:00,0.717,6.64,29.98,0.964
2026-09-20T14:13:00-05:00,0.717,6.46,29.49,0.953
2026-09-20T14:16:00-05:00,0.717,6.48,28.95,0.973
2026-09-20T14:18:00-05:00,0.717,6.59,30.03,0.955
2026-09-20T14:20:00-05:00,0.718,6.49,29.01,0.973
2026-09-20T14:22:00-05:00,0.718,6.49,29.55,0.955
2026-09-20T14:24:00-05:00,0.718,6.57,29.31,0.974
2026-09-20T14:26:00-05:00,0.718,6.57,29.48,0.969
2026-09-20T14:28:00-05:00,0.719,6.79,30.64,0.964
2026-09-20T14:30:00-05:00,0.719,6.55,29.45,0.967
2026-09-20T14:31:00-05:00,0.719,6.4,28.64,0.972
2026-09-20T14:33:00-05:00,0.719,6.39,28.54,0.973
2026-09-20T14:35:00-05:00,0.719,6.48,29.31,0.961
2026-09-20T14:37:00-05:00,0.719,6.5,29.65,0.954
2026-09-20T14:39:00-05:00,0.719,6.37,28.88,0.959
2026-09-20T14:41:00-05:00,0.72,6.4,28.48,0.977
2026-09-20T14:43:00-05:00,0.72,6.44,29.04,0.964
2026-09-20T14:46:00-05:00,0.72,6.35,28.53,0.968
2026-09-20T14:48:00-05:00,0.72,6.77,30.79,0.956
2026-09-20T14:50:00-05:00,0.72,6.5,29.04,0.973
2026-09-20T14:52:00-05:00,0.72,6.64,30.03,0.961
2026-09-20T14:54:00-05:00,0.72,6.51,29.13,0.972
2026-09-20T14:56:00-05:00,0.72,6.32,28.67,0.958
2026-09-20T14:58:00-05:00,0.72,6.76,30.58,0.962
2026-09-20T15:00:00-05:00,0.72,6.72,30.11,0.971
2026-09-20T15:01:00-05:00,0.72,6.64,29.61,0.975
2026-09-20T15:03:00-05:00,0.72,6.63,29.98,0.962
2026-09-20T15:05:00-05:00,0.72,6.39,28.8,0.965
2026-09-20T15:07:00-05:00,0.72,6.69,30.24,0.962
2026-09-20T15:09:00-05:00,0.72,6.32,28.45,0.965
2026-09-20T15:11:00-05:00,0.72,6.41,28.52,0.977
2026-09-20T15:13:00-05:00,0.72,6.54,29.22,0.973
2026-09-20T15:16:00-05:00,0.72,6.7,30.05,0.969
2026-09-20T15:18:00-05:00,0.72,6.48,28.91,0.975
2026-09-20T15:20:00-05:00,0.719,6.62,29.55,0.975
2026-09-20T15:22:00-05:00,0.719,6.55,29.49,0.966
2026-09-20T15:24:00-05:00,0.719,6.42,29.3,0.953
2026-09-20T15:26:00-05:00,0.719,6.57,29.58,0.966
2026-09-20T15:28:00-05:00,0.719,6.32,28.38,0.967
2026-09-20T15:30:00-05:00,0.719,6.35,28.74,0.961
2026-09-20T15:31:00-05:00,0.719,6.75,30.1,0.974
2026-09-20T15:33:00-05:00,0.718,6.46,28.87,0.973
2026-09-20T15:35:00-05:00,0.718,6.52,29.17,0.972
2026-09-20T15:37:00-05:00,0.718,6.48,29.2,0.965
2026-09-20T15:39:00-05:00,0.718,6.59,29.38,0.976
2026-09-20T15:41:00-05:00,0.717,6.31,28.62,0.959
2026-09-20T15:43:00-05:00,0.717,6.54,29.75,0.956
2026-09-20T15:46:00-05:00,0.717,6.41,28.61,0.974
2026-09-20T15:48:00-05:00,0.717,6.5,29.56,0.956
2026-09-20T15:50:00-05:00,0.716,6.78,30.82,0.956
2026-09-20T15:52:00-05:00,0.716,6.41,28.75,0.97
2026-09-20T15:54:00-05:00,0.716,6.35,28.55,0.967
2026-09-20T15:56:00-05:00,0.716,6.62,30.19,0.954
2026-09-20T15:58:00-05:00,0.715,6.3,28.37,0.966
2026-09-20T16:00:00-05:00,0.715,6.31,28.61,0.959
2026-09-20T16:02:00-05:00,0.715,6.35,28.29,0.976
2026-09-20T16:03:00-05:00,0.714,6.45,29.38,0.954
2026-09-20T16:06:00-05:00,0.714,6.52,29.51,0.961
2026-09-20T16:07:00-05:00,0.713,6.33,28.29,0.973
2026-09-20T16:10:00-05:00,0.713,6.54,29.71,0.957
2026-09-20T16:11:00-05:00,0.713,6.66,29.95,0.966
2026-09-20T16:14:00-05:00,0.712,6.61,29.45,0.976
2026-09-20T16:15:00-05:00,0.712,6.55,29.66,0.96
2026-09-20T16:18:00-05:00,0.711,6.62,30.09,0.957
2026-09-20T16:19:00-05:00,0.711,6.46,29.09,0.965
2026-09-20T16:22:00-05:00,0.711,6.46,28.97,0.97
2026-09-20T16:23:00-05:00,0.71,6.49,29.42,0.959
2026-09-20T16:26:00-05:00,0.71,6.35,28.77,0.959
2026-09-20T16:27:00-05:00,0.709,6.53,29.48,0.963
2026-09-20T16:30:00-05:00,0.709,6.7,30.03,0.97
2026-09-20T16:32:00-05:00,0.708,6.61,29.44,0.977
2026-09-20T16:33:00-05:00,0.708,6.54,29.38,0.968
2026-09-20T16:36:00-05:00,0.707,6.49,29.27,0.964
2026-09-20T16:37:00-05:00,0.706,6.59,29.68,0.966
2026-09-20T16:40:00-05:00,0.706,6.49,29.41,0.959
2026-09-20T16:41:00-05:00,0.705,6.29,28.68,0.953
2026-09-20T16:44:00-05:00,0.705,6.43,28.98,0.965
2026-09-20T16:45:00-05:00,0.704,6.64,29.73,0.971
2026-09-20T16:48:00-05:00,0.704,6.27,28.4,0.96
2026-09-20T16:49:00-05:00,0.703,6.51,29.46,0.961
2026-09-20T16:52:00-05:00,0.702,6.4,28.67,0.97
2026-09-20T16:53:00-05:00,0.702,6.65,29.99,0.963
2026-09-20T16:56:00-05:00,0.701,6.58,29.89,0.957
2026-09-20T16:57:00-05:00,0.701,6.67,30.02,0.966
2026-09-20T17:00:00-05:00,0.7,6.73,30.69,0.953
2026-09-20T17:02:00-05:00,0.699,6.5,28.97,0.976
2026-09-20T17:03:00-05:00,0.699,6.67,30.32,0.956
2026-09-20T17:06:00-05:00,0.698,6.44,28.7,0.976
2026-09-20T17:07:00-05:00,0.697,6.3,28.66,0.955
2026-09-20T17:10:00-05:00,0.697,6.53,29.24,0.971
2026-09-20T17:11:00-05:00,0.696,6.29,28.15,0.971
2026-09-20T17:14:00-05:00,0.695,6.53,29.23,0.972
2026-09-20T17:15:00-05:00,0.694,6.57,29.62,0.964
2026-09-20T17:18:00-05:00,0.694,6.29,28.39,0.963
2026-09-20T17:19:00-05:00,0.693,6.24,28.04,0.967
2026-09-20T17:22:00-05:00,0.692,6.46,29.23,0.961
2026-09-20T17:23:00-05:00,0.691,6.42,29.07,0.96
2026-09-20T17:26:00-05:00,0.691,6.26,28.45,0.956
2026-09-20T17:27:00-05:00,0.69,6.33,28.43,0.968
2026-09-20T17:30:00-05:00,0.689,6.54,29.32,0.97
2026-09-20T17:32:00-05:00,0.688,6.55,29.28,0.973
2026-09-20T17:33:00-05:00,0.687,6.32,28.19,0.975
2026-09-20T17:36:00-05:00,0.687,6.27,28.46,0.958
2026-09-20T17:37:00-05:00,0.686,6.55,29.87,0.954
2026-09-20T17:40:00-05:00,0.685,6.63,30.18,0.955
2026-09-20T17:41:00-05:00,0.684,6.32,28.48,0.964
2026-09-20T17:44:00-05:00,0.683,6.19,28.08,0.959
2026-09-20T17:45:00-05:00,0.682,6.29,28.4,0.963
2026-09-20T17:48:00-05:00,0.681,6.37,28.47,0.973
2026-09-20T17:49:00-05:00,0.681,6.53,29.18,0.973
2026-09-20T17:52:00-05:00,0.68,6.48,28.95,0.972
2026-09-20T17:53:00-05:00,0.679,6.4,28.83,0.966
2026-09-20T17:56:00-05:00,0.678,6.52,29.26,0.969
2026-09-20T17:57:00-05:00,0.677,6.19,28.09,0.958
2026-09-20T18:00:00-05:00,0.676,6.16,27.95,0.958
2026-09-20T18:02:00-05:00,0.675,6.23,27.95,0.969
2026-09-20T18:03:00-05:00,0.674,6.2,27.62,0.976
2026-09-20T18:06:00-05:00,0.673,6.32,28.8,0.953
2026-09-20T18:07:00-05:00,0.672,6.22,28.25,0.957
2026-09-20T18:10:00-05:00,0.671,6.31,28.23,0.972
2026-09-20T18:11:00-05:00,0.67,6.57,29.86,0.957
2026-09-20T18:14:00-05:00,0.669,6.51,29.66,0.954
2026-09-20T18:15:00-05:00,0.668,6.58,29.29,0.977
2026-09-20T18:18:00-05:00,0.667,6.25,27.81,0.977
2026-09-20T18:19:00-05:00,0.666,6.14,27.89,0.957
2026-09-20T18:22:00-05:00,0.665,6.27,28.39,0.961
2026-09-20T18:23:00-05:00,0.664,6.49,29.06,0.971
2026-09-20T18:26:00-05:00,0.663,6.39,29.1,0.954
2026-09-20T18:27:00-05:00,0.662,6.39,28.78,0.965
2026-09-20T18:30:00-05:00,0.661,6.54,29.73,0.956
2026-09-20T18:32:00-05:00,0.66,6.44,28.67,0.976
2026-09-20T18:33:00-05:00,0.659,6.22,28.11,0.963
2026-09-20T18:36:00-05:00,0.658,6.55,29.39,0.969
2026-09-20T18:37:00-05:00,0.657,6.29,28.35,0.965
2026-09-20T18:40:00-05:00,0.656,6.18,27.79,0.967
2026-09-20T18:41:00-05:00,0.655,6.29,28.47,0.96
2026-09-20T18:44:00-05:00,0.654,6.45,29.04,0.966
2026-09-20T18:45:00-05:00,0.653,6.14,27.55,0.969
2026-09-20T18:48:00-05:00,0.652,6.45,28.86,0.972
2026-09-20T18:49:00-05:00,0.651,6.26,28.19,0.966
2026-09-20T18:52:00-05:00,0.649,6.3,28.25,0.97
2026-09-20T18:53:00-05:00,0.648,6.17,28.07,0.955
2026-09-20T18:56:00-05:00,0.647,6.45,29.32,0.956
2026-09-20T18:57:00-05:00,0.646,6.39,28.47,0.977
2026-09-20T19:00:00-05:00,0.645,6.28,28.27,0.965
2026-09-20T19:02:00-05:00,0.644,6.24,27.8,0.976
2026-09-20T19:03:00-05:00,0.643,6.18,27.85,0.966
2026-09-20T19:06:00-05:00,0.642,6.27,28.21,0.966
2026-09-20T19:07:00-05:00,0.64,6.16,27.75,0.964
2026-09-20T19:10:00-05:00,0.639,6.41,29.02,0.96
2026-09-20T19:11:00-05:00,0.638,6.08,27.12,0.975
2026-09-20T19:14:00-05:00,0.637,6.49,29.25,0.964
2026-09-20T19:15:00-05:00,0.636,6.2,27.9,0.967
2026-09-20T19:18:00-05:00,0.635,6.04,27.23,0.965
2026-09-20T19:19:00-05:00,0.633,6.11,27.58,0.963
2026-09-20T19:22:00-05:00,0.632,6.06,27.19,0.969
2026-09-20T19:23:00-05:00,0.631,6.45,28.79,0.975
2026-09-20T19:26:00-05:00,0.63,6.38,28.42,0.975
2026-09-20T19:27:00-05:00,0.629,6.12,27.38,0.972
2026-09-20T19:30:00-05:00,0.627,6.09,27.55,0.961
2026-09-20T19:32:00-05:00,0.626,6.34,28.87,0.956
2026-09-20T19:33:00-05:00,0.625,6.07,27.41,0.963
2026-09-20T19:36:00-05:00,0.624,6.3,28.06,0.976
2026-09-20T19:37:00-05:00,0.623,5.99,27.33,0.953
2026-09-20T19:40:00-05:00,0.621,6.44,29.14,0.961
2026-09-20T19:41:00-05:00,0.62,6.4,29.17,0.954
2026-09-20T19:44:00-05:00,0.619,5.98,26.99,0.963
2026-09-20T19:45:00-05:00,0.618,6.29,28.26,0.969
2026-09-20T19:48:00-05:00,0.616,6.0,26.82,0.972
2026-09-20T19:49:00-05:00,0.615,6.05,27.51,0.956
2026-09-20T19:52:00-05:00,0.614,5.96,26.87,0.964
2026-09-20T19:53:00-05:00,0.613,5.98,26.83,0.969
2026-09-20T19:56:00-05:00,0.611,6.03,27.43,0.956
2026-09-20T19:57:00-05:00,0.61,6.17,27.63,0.971
2026-09-20T20:00:00-05:00,0.609,6.09,27.54,0.962
2026-09-20T20:02:00-05:00,0.608,6.01,27.05,0.967
2026-09-20T20:03:00-05:00,0.606,6.1,27.81,0.954
2026-09-20T20:06:00-05:00,0.605,6.4,29.03,0.958
2026-09-20T20:07:00-05:00,0.604,6.21,28.27,0.955
2026-09-20T20:10:00-05:00,0.602,5.93,26.69,0.966
2026-09-20T20:11:00-05:00,0.601,6.29,28.27,0.968
2026-09-20T20:14:00-05:00,0.6,6.12,27.49,0.967
2026-09-20T20:15:00-05:00,0.599,5.98,27.11,0.959
2026-09-20T20:18:00-05:00,0.597,6.37,28.73,0.964
2026-09-20T20:19:00-05:00,0.596,6.04,27.44,0.957
2026-09-20T20:22:00-05:00,0.595,6.0,27.27,0.957
2026-09-20T20:23:00-05:00,0.593,5.9,26.73,0.96
2026-09-20T20:26:00-05:00,0.592,6.21,28.01,0.964
2026-09-20T20:27:00-05:00,0.591,6.21,27.98,0.965
2026-09-20T20:30:00-05:00,0.59,5.95,26.83,0.964
2026-09-20T20:32:00-05:00,0.588,5.86,26.45,0.964
2026-09-20T20:33:00-05:00,0.587,6.29,28.65,0.954
2026-09-20T20:36:00-05:00,0.586,5.95,27.09,0.955
2026-09-20T20:37:00-05:00,0.584,6.21,27.82,0.971
2026-09-20T20:40:00-05:00,0.583,6.03,26.99,0.971
2026-09-20T20:41:00-05:00,0.582,5.9,26.41,0.972
2026-09-20T20:44:00-05:00,0.58,6.28,28.34,0.963
2026-09-20T20:45:00-05:00,0.579,5.96,26.54,0.976
2026-09-20T20:48:00-05:00,0.578,6.14,27.55,0.97
2026-09-20T20:49:00-05:00,0.577,6.21,28.16,0.959
2026-09-20T20:52:00-05:00,0.575,6.24,27.8,0.975
2026-09-20T20:53:00-05:00,0.574,5.85,26.17,0.972
2026-09-20T20:56:00-05:00,0.573,6.19,28.2,0.955
2026-09-20T20:57:00-05:00,0.571,5.83,26.26,0.966
2026-09-20T21:00:00-05:00,0.57,5.82,26.25,0.965
2026-09-20T21:02:00-05:00,0.569,5.94,26.84,0.962
2026-09-20T21:03:00-05:00,0.567,6.17,27.76,0.967
2026-09-20T21:06:00-05:00,0.566,6.1,27.65,0.959
2026-09-20T21:07:00-05:00,0.565,6.23,28.26,0.959
2026-09-20T21:10:00-05:00,0.563,5.88,26.26,0.973
2026-09-20T21:11:00-05:00,0.562,5.78,25.82,0.973
2026-09-20T21:14:00-05:00,0.561,6.04,27.05,0.97
2026-09-20T21:15:00-05:00,0.56,6.2,27.65,0.976
2026-09-20T21:18:00-05:00,0.558,6.06,27.61,0.955
2026-09-20T21:19:00-05:00,0.557,5.95,26.74,0.967
2026-09-20T21:22:00-05:00,0.556,5.86,26.32,0.968
2026-09-20T21:23:00-05:00,0.554,5.99,27.0,0.964
2026-09-20T21:26:00-05:00,0.553,5.95,26.55,0.975
2026-09-20T21:27:00-05:00,0.552,6.0,27.36,0.954
2026-09-20T21:30:00-05:00,0.55,6.09,27.37,0.967
2026-09-20T21:32:00-05:00,0.549,5.75,26.05,0.96
2026-09-20T21:33:00-05:00,0.548,5.85,26.18,0.972
2026-09-20T21:36:00-05:00,0.547,5.84,26.0,0.976
2026-09-20T21:37:00-05:00,0.545,5.75,26.02,0.96
2026-09-20T21:40:00-05:00,0.544,6.04,27.4,0.958
2026-09-20T21:41:00-05:00,0.543,5.78,26.31,0.956
2026-09-20T21:44:00-05:00,0.541,6.11,27.58,0.964
2026-09-20T21:45:00-05:00,0.54,5.93,26.74,0.964
2026-09-20T21:48:00-05:00,0.539,5.77,26.18,0.958
2026-09-20T21:49:00-05:00,0.538,5.87,26.17,0.975
2026-09-20T21:52:00-05:00,0.536,6.11,27.69,0.959
2026-09-20T21:53:00-05:00,0.535,6.15,27.41,0.976
2026-09-20T21:56:00-05:00,0.534,6.05,27.36,0.962
2026-09-20T21:57:00-05:00,0.532,5.98,26.81,0.97
2026-09-20T22:00:00-05:00,0.531,6.02,27.03,0.968
2026-09-20T22:02:00-05:00,0.53,5.92,26.37,0.975
2026-09-20T22:03:00-05:00,0.529,6.03,27.49,0.953
2026-09-20T22:06:00-05:00,0.527,5.89,26.38,0.971
2026-09-20T22:07:00-05:00,0.526,6.08,27.08,0.976
2026-09-20T22:10:00-05:00,0.525,5.78,26.15,0.962
2026-09-20T22:11:00-05:00,0.524,5.68,25.78,0.958
2026-09-20T22:14:00-05:00,0.522,5.73,25.53,0.976
2026-09-20T22:15:00-05:00,0.521,5.96,27.03,0.958
2026-09-20T22:18:00-05:00,0.52,6.06,27.4,0.962
2026-09-20T22:19:00-05:00,0.519,6.08,27.61,0.957
2026-09-20T22:22:00-05:00,0.517,5.92,26.45,0.973
2026-09-20T22:23:00-05:00,0.516,5.86,26.62,0.957
2026-09-20T22:26:00-05:00,0.515,5.77,26.06,0.962
2026-09-20T22:27:00-05:00,0.514,5.84,26.07,0.974
2026-09-20T22:30:00-05:00,0.513,5.9,26.33,0.974
2026-09-20T22:32:00-05:00,0.511,6.07,27.64,0.956
2026-09-20T22:33:00-05:00,0.51,5.76,25.82,0.97
2026-09-20T22:36:00-05:00,0.509,5.67,25.55,0.965
2026-09-20T22:37:00-05:00,0.508,6.05,27.3,0.963
2026-09-20T22:40:00-05:00,0.507,5.85,26.68,0.953
2026-09-20T22:41:00-05:00,0.505,5.65,25.16,0.976
2026-09-20T22:44:00-05:00,0.504,5.89,26.78,0.956
2026-09-20T22:45:00-05:00,0.503,5.83,26.2,0.968
2026-09-20T22:48:00-05:00,0.502,5.57,25.26,0.958
2026-09-20T22:49:00-05:00,0.501,5.84,26.19,0.97
2026-09-20T22:52:00-05:00,0.5,5.84,26.27,0.966
2026-09-20T22:53:00-05:00,0.498,5.64,25.57,0.959
2026-09-20T22:56:00-05:00,0.497,5.67,25.37,0.971
2026-09-20T22:57:00-05:00,0.496,5.67,25.41,0.97
2026-09-20T23:00:00-05:00,0.495,5.85,26.23,0.97
2026-09-20T23:02:00-05:00,0.494,5.94,26.83,0.962
2026-09-20T23:03:00-05:00,0.493,5.57,24.84,0.975
2026-09-20T23:06:00-05:00,0.492,5.68,25.45,0.97
2026-09-20T23:07:00-05:00,0.491,5.77,25.71,0.976
2026-09-20T23:10:00-05:00,0.489,5.68,25.29,0.976
2026-09-20T23:11:00-05:00,0.488,5.53,24.79,0.969
2026-09-20T23:14:00-05:00,0.487,5.72,25.84,0.963
2026-09-20T23:15:00-05:00,0.486,5.51,24.91,0.962
2026-09-20T23:18:00-05:00,0.485,5.57,25.27,0.959
2026-09-20T23:19:00-05:00,0.484,5.78,26.1,0.963
2026-09-20T23:22:00-05:00,0.483,5.59,25.38,0.958
2026-09-20T23:23:00-05:00,0.482,5.79,25.87,0.973
2026-09-20T23:26:00-05:00,0.481,5.96,26.72,0.97
2026-09-20T23:27:00-05:00,0.48,5.7,25.97,0.955
2026-09-20T23:30:00-05:00,0.479,5.73,25.95,0.959
2026-09-20T23:32:00-05:00,0.478,5.59,25.18,0.964
2026-09-20T23:33:00-05:00,0.477,5.48,24.56,0.97
2026-09-20T23:36:00-05:00,0.476,5.53,25.0,0.962
2026-09-20T23:37:00-05:00,0.475,5.68,25.58,0.966
2026-09-20T23:40:00-05:00,0.474,5.74,25.56,0.976
2026-09-20T23:41:00-05:00,0.473,5.67,25.39,0.971
2026-09-20T23:44:00-05:00,0.472,5.88,26.73,0.956
2026-09-20T23:45:00-05:00,0.471,5.61,25.15,0.969
2026-09-20T23:48:00-05:00,0.47,5.47,24.81,0.959
2026-09-20T23:49:00-05:00,0.469,5.64,25.23,0.972
2026-09-20T23:52:00-05:00,0.468,5.45,24.28,0.976
2026-09-20T23:53:00-05:00,0.467,5.69,25.89,0.955
2026-09-20T23:56:00-05:00,0.466,5.55,24.99,0.965
2026-09-20T23:57:00-05:00,0.465,5.8,26.13,0.966
