ts_local,ts_utc,origen,device_id,tempIntake,tempExhaust,humedadRack,tsDispositivo
2026-09-26T15:37:07-05:00,2026-09-26T20:37:07+00:00,Python SDK azure-iot-device (MQTT 8883),DC-RACKC-03,22.35,33.14,48.27,2026-09-26T20:37:07+00:00
2026-09-26T15:37:23-05:00,2026-09-26T20:37:23+00:00,Python SDK azure-iot-device (MQTT 8883),DC-RACKC-03,22.35,33.9,47.24,2026-09-26T20:37:23+00:00
2026-09-26T15:37:53-05:00,2026-09-26T20:37:53+00:00,Python SDK azure-iot-device (MQTT 8883),DC-RACKC-03,22.09,33.36,48.62,2026-09-26T20:37:53+00:00
2026-09-26T15:38:23-05:00,2026-09-26T20:38:23+00:00,Python SDK azure-iot-device (MQTT 8883),DC-RACKC-03,21.84,32.73,46.46,2026-09-26T20:38:23+00:00
2026-09-26T15:38:54-05:00,2026-09-26T20:38:54+00:00,Python SDK azure-iot-device (MQTT 8883),DC-RACKC-03,21.82,33.49,46.57,2026-09-26T20:38:53+00:00
2026-09-26T15:39:24-05:00,2026-09-26T20:39:24+00:00,Python SDK azure-iot-device (MQTT 8883),DC-RACKC-03,21.87,32.85,48.73,2026-09-26T20:39:24+00:00
2026-09-26T15:39:54-05:00,2026-09-26T20:39:54+00:00,Python SDK azure-iot-device (MQTT 8883),DC-RACKC-03,22.02,33.09,46.8,2026-09-26T20:39:54+00:00
2026-09-26T15:40:24-05:00,2026-09-26T20:40:24+00:00,Python SDK azure-iot-device (MQTT 8883),DC-RACKC-03,21.89,33.11,46.32,2026-09-26T20:40:24+00:00
2026-09-26T15:40:54-05:00,2026-09-26T20:40:54+00:00,Python SDK azure-iot-device (MQTT 8883),DC-RACKC-03,22.23,33.37,47.86,2026-09-26T20:40:54+00:00
2026-09-26T15:41:24-05:00,2026-09-26T20:41:24+00:00,Python SDK azure-iot-device (MQTT 8883),DC-RACKC-03,21.93,33.03,47.53,2026-09-26T20:41:24+00:00
2026-09-26T15:41:54-05:00,2026-09-26T20:41:54+00:00,Python SDK azure-iot-device (MQTT 8883),DC-RACKC-03,22.4,33.31,48.08,2026-09-26T20:41:54+00:00
2026-09-26T15:42:24-05:00,2026-09-26T20:42:24+00:00,Python SDK azure-iot-device (MQTT 8883),DC-RACKC-03,21.79,33.54,46.64,2026-09-26T20:42:24+00:00
2026-09-26T15:42:54-05:00,2026-09-26T20:42:54+00:00,Python SDK azure-iot-device (MQTT 8883),DC-RACKC-03,22.35,33.4,46.43,2026-09-26T20:42:54+00:00
2026-09-26T15:43:25-05:00,2026-09-26T20:43:25+00:00,Python SDK azure-iot-device (MQTT 8883),DC-RACKC-03,22.14,32.78,46.89,2026-09-26T20:43:24+00:00
2026-09-26T15:43:55-05:00,2026-09-26T20:43:55+00:00,Python SDK azure-iot-device (MQTT 8883),DC-RACKC-03,21.98,33.62,47.2,2026-09-26T20:43:55+00:00
2026-09-26T15:44:25-05:00,2026-09-26T20:44:25+00:00,Python SDK azure-iot-device (MQTT 8883),DC-RACKC-03,22.22,33.13,47.8,2026-09-26T20:44:25+00:00
2026-09-26T15:44:55-05:00,2026-09-26T20:44:55+00:00,Python SDK azure-iot-device (MQTT 8883),DC-RACKC-03,21.73,32.62,47.17,2026-09-26T20:44:55+00:00
2026-09-26T15:45:25-05:00,2026-09-26T20:45:25+00:00,Python SDK azure-iot-device (MQTT 8883),DC-RACKC-03,22.26,33.26,48.56,2026-09-26T20:45:25+00:00
2026-09-26T15:45:55-05:00,2026-09-26T20:45:55+00:00,Python SDK azure-iot-device (MQTT 8883),DC-RACKC-03,22.11,33.83,48.49,2026-09-26T20:45:55+00:00
2026-09-26T15:46:25-05:00,2026-09-26T20:46:25+00:00,Python SDK azure-iot-device (MQTT 8883),DC-RACKC-03,21.84,33.12,47.48,2026-09-26T20:46:25+00:00
2026-09-26T15:46:55-05:00,2026-09-26T20:46:55+00:00,Python SDK azure-iot-device (MQTT 8883),DC-RACKC-03,22.37,34.2,47.71,2026-09-26T20:46:55+00:00
2026-09-26T15:47:25-05:00,2026-09-26T20:47:25+00:00,Python SDK azure-iot-device (MQTT 8883),DC-RACKC-03,21.81,33.26,48.06,2026-09-26T20:47:25+00:00
2026-09-26T15:47:56-05:00,2026-09-26T20:47:56+00:00,Python SDK azure-iot-device (MQTT 8883),DC-RACKC-03,21.96,33.22,48.48,2026-09-26T20:47:55+00:00
2026-09-26T15:48:26-05:00,2026-09-26T20:48:26+00:00,Python SDK azure-iot-device (MQTT 8883),DC-RACKC-03,21.85,33.55,46.24,2026-09-26T20:48:26+00:00
2026-09-26T15:48:56-05:00,2026-09-26T20:48:56+00:00,Python SDK azure-iot-device (MQTT 8883),DC-RACKC-03,22.09,33.51,46.55,2026-09-26T20:48:56+00:00
2026-09-26T15:49:26-05:00,2026-09-26T20:49:26+00:00,Python SDK azure-iot-device (MQTT 8883),DC-RACKC-03,22.11,33.5,47.74,2026-09-26T20:49:26+00:00
2026-09-26T15:49:56-05:00,2026-09-26T20:49:56+00:00,Python SDK azure-iot-device (MQTT 8883),DC-RACKC-03,21.89,33.67,46.92,2026-09-26T20:49:56+00:00
2026-09-26T15:50:26-05:00,2026-09-26T20:50:26+00:00,Python SDK azure-iot-device (MQTT 8883),DC-RACKC-03,21.73,33.37,46.94,2026-09-26T20:50:26+00:00
2026-09-26T15:50:56-05:00,2026-09-26T20:50:56+00:00,Python SDK azure-iot-device (MQTT 8883),DC-RACKC-03,21.92,33.38,47.41,2026-09-26T20:50:56+00:00
2026-09-26T15:51:26-05:00,2026-09-26T20:51:26+00:00,Python SDK azure-iot-device (MQTT 8883),DC-RACKC-03,22.1,32.83,46.7,2026-09-26T20:51:26+00:00
2026-09-26T15:51:56-05:00,2026-09-26T20:51:56+00:00,Python SDK azure-iot-device (MQTT 8883),DC-RACKC-03,21.93,32.6,46.88,2026-09-26T20:51:56+00:00
2026-09-26T15:52:26-05:00,2026-09-26T20:52:26+00:00,Python SDK azure-iot-device (MQTT 8883),DC-RACKC-03,22.18,33.6,46.41,2026-09-26T20:52:26+00:00
2026-09-26T15:52:57-05:00,2026-09-26T20:52:57+00:00,Python SDK azure-iot-device (MQTT 8883),DC-RACKC-03,21.78,32.95,46.52,2026-09-26T20:52:56+00:00
2026-09-26T15:53:27-05:00,2026-09-26T20:53:27+00:00,Python SDK azure-iot-device (MQTT 8883),DC-RACKC-03,22.25,33.63,47.17,2026-09-26T20:53:27+00:00
2026-09-26T15:53:57-05:00,2026-09-26T20:53:57+00:00,Python SDK azure-iot-device (MQTT 8883),DC-RACKC-03,22.35,34.16,48.0,2026-09-26T20:53:57+00:00
2026-09-26T15:54:27-05:00,2026-09-26T20:54:27+00:00,Python SDK azure-iot-device (MQTT 8883),DC-RACKC-03,21.76,33.37,47.28,2026-09-26T20:54:27+00:00
2026-09-26T15:54:57-05:00,2026-09-26T20:54:57+00:00,Python SDK azure-iot-device (MQTT 8883),DC-RACKC-03,22.07,32.83,47.33,2026-09-26T20:54:57+00:00
2026-09-26T15:55:27-05:00,2026-09-26T20:55:27+00:00,Python SDK azure-iot-device (MQTT 8883),DC-RACKC-03,21.75,32.43,47.49,2026-09-26T20:55:27+00:00
2026-09-26T15:55:57-05:00,2026-09-26T20:55:57+00:00,Python SDK azure-iot-device (MQTT 8883),DC-RACKC-03,22.07,32.8,46.6,2026-09-26T20:55:57+00:00
2026-09-26T15:56:27-05:00,2026-09-26T20:56:27+00:00,Python SDK azure-iot-device (MQTT 8883),DC-RACKC-03,22.29,33.65,46.16,2026-09-26T20:56:27+00:00
2026-09-26T15:56:57-05:00,2026-09-26T20:56:57+00:00,Python SDK azure-iot-device (MQTT 8883),DC-RACKC-03,22.15,32.89,48.03,2026-09-26T20:56:57+00:00
2026-09-26T15:57:28-05:00,2026-09-26T20:57:28+00:00,Python SDK azure-iot-device (MQTT 8883),DC-RACKC-03,22.38,33.56,48.18,2026-09-26T20:57:27+00:00
2026-09-26T15:57:58-05:00,2026-09-26T20:57:58+00:00,Python SDK azure-iot-device (MQTT 8883),DC-RACKC-03,22.34,33.9,48.24,2026-09-26T20:57:58+00:00
2026-09-26T15:58:28-05:00,2026-09-26T20:58:28+00:00,Python SDK azure-iot-device (MQTT 8883),DC-RACKC-03,22.1,33.17,46.8,2026-09-26T20:58:28+00:00
2026-09-26T15:58:58-05:00,2026-09-26T20:58:58+00:00,Python SDK azure-iot-device (MQTT 8883),DC-RACKC-03,21.99,32.66,46.2,2026-09-26T20:58:58+00:00
2026-09-26T15:59:28-05:00,2026-09-26T20:59:28+00:00,Python SDK azure-iot-device (MQTT 8883),DC-RACKC-03,21.87,33.15,46.24,2026-09-26T20:59:28+00:00
2026-09-26T15:59:58-05:00,2026-09-26T20:59:58+00:00,Python SDK azure-iot-device (MQTT 8883),DC-RACKC-03,21.99,32.87,47.95,2026-09-26T20:59:58+00:00
2026-09-26T16:00:28-05:00,2026-09-26T21:00:28+00:00,Python SDK azure-iot-device (MQTT 8883),DC-RACKC-03,21.79,33.06,46.83,2026-09-26T21:00:28+00:00
2026-09-26T16:00:58-05:00,2026-09-26T21:00:58+00:00,Python SDK azure-iot-device (MQTT 8883),DC-RACKC-03,21.79,32.68,47.79,2026-09-26T21:00:58+00:00
2026-09-26T16:01:28-05:00,2026-09-26T21:01:28+00:00,Python SDK azure-iot-device (MQTT 8883),DC-RACKC-03,22.32,34.04,47.0,2026-09-26T21:01:28+00:00
2026-09-26T16:01:59-05:00,2026-09-26T21:01:59+00:00,Python SDK azure-iot-device (MQTT 8883),DC-RACKC-03,21.86,32.77,46.27,2026-09-26T21:01:58+00:00
2026-09-26T16:02:29-05:00,2026-09-26T21:02:29+00:00,Python SDK azure-iot-device (MQTT 8883),DC-RACKC-03,21.9,33.66,47.86,2026-09-26T21:02:29+00:00
2026-09-26T16:02:59-05:00,2026-09-26T21:02:59+00:00,Python SDK azure-iot-device (MQTT 8883),DC-RACKC-03,22.01,33.82,47.02,2026-09-26T21:02:59+00:00
2026-09-26T16:03:29-05:00,2026-09-26T21:03:29+00:00,Python SDK azure-iot-device (MQTT 8883),DC-RACKC-03,21.76,33.03,46.05,2026-09-26T21:03:29+00:00
2026-09-26T16:03:59-05:00,2026-09-26T21:03:59+00:00,Python SDK azure-iot-device (MQTT 8883),DC-RACKC-03,22.26,33.18,45.86,2026-09-26T21:03:59+00:00
2026-09-26T16:04:29-05:00,2026-09-26T21:04:29+00:00,Python SDK azure-iot-device (MQTT 8883),DC-RACKC-03,22.3,33.39,46.83,2026-09-26T21:04:29+00:00
2026-09-26T16:04:59-05:00,2026-09-26T21:04:59+00:00,Python SDK azure-iot-device (MQTT 8883),DC-RACKC-03,21.79,33.34,46.8,2026-09-26T21:04:59+00:00
2026-09-26T16:05:29-05:00,2026-09-26T21:05:29+00:00,Python SDK azure-iot-device (MQTT 8883),DC-RACKC-03,22.38,33.68,45.66,2026-09-26T21:05:29+00:00
2026-09-26T16:05:59-05:00,2026-09-26T21:05:59+00:00,Python SDK azure-iot-device (MQTT 8883),DC-RACKC-03,21.91,32.59,45.84,2026-09-26T21:05:59+00:00
2026-09-26T16:06:29-05:00,2026-09-26T21:06:29+00:00,Python SDK azure-iot-device (MQTT 8883),DC-RACKC-03,21.86,33.0,45.89,2026-09-26T21:06:29+00:00
2026-09-26T16:07:00-05:00,2026-09-26T21:07:00+00:00,Python SDK azure-iot-device (MQTT 8883),DC-RACKC-03,22.24,33.3,45.95,2026-09-26T21:06:59+00:00
2026-09-26T16:07:30-05:00,2026-09-26T21:07:30+00:00,Python SDK azure-iot-device (MQTT 8883),DC-RACKC-03,22.21,33.09,46.73,2026-09-26T21:07:30+00:00
2026-09-26T16:08:00-05:00,2026-09-26T21:08:00+00:00,Python SDK azure-iot-device (MQTT 8883),DC-RACKC-03,21.91,33.65,46.9,2026-09-26T21:08:00+00:00
2026-09-26T16:08:30-05:00,2026-09-26T21:08:30+00:00,Python SDK azure-iot-device (MQTT 8883),DC-RACKC-03,22.03,33.87,46.88,2026-09-26T21:08:30+00:00
2026-09-26T16:09:00-05:00,2026-09-26T21:09:00+00:00,Python SDK azure-iot-device (MQTT 8883),DC-RACKC-03,22.33,33.68,47.78,2026-09-26T21:09:00+00:00
2026-09-26T16:09:30-05:00,2026-09-26T21:09:30+00:00,Python SDK azure-iot-device (MQTT 8883),DC-RACKC-03,22.31,33.02,47.47,2026-09-26T21:09:30+00:00
2026-09-26T16:10:00-05:00,2026-09-26T21:10:00+00:00,Python SDK azure-iot-device (MQTT 8883),DC-RACKC-03,21.71,32.81,46.22,2026-09-26T21:10:00+00:00
2026-09-26T16:10:30-05:00,2026-09-26T21:10:30+00:00,Python SDK azure-iot-device (MQTT 8883),DC-RACKC-03,22.22,33.43,46.39,2026-09-26T21:10:30+00:00
2026-09-26T16:11:00-05:00,2026-09-26T21:11:00+00:00,Python SDK azure-iot-device (MQTT 8883),DC-RACKC-03,21.84,33.34,47.16,2026-09-26T21:11:00+00:00
2026-09-26T16:11:31-05:00,2026-09-26T21:11:31+00:00,Python SDK azure-iot-device (MQTT 8883),DC-RACKC-03,22.33,32.99,46.72,2026-09-26T21:11:30+00:00
2026-09-26T16:12:01-05:00,2026-09-26T21:12:01+00:00,Python SDK azure-iot-device (MQTT 8883),DC-RACKC-03,22.07,33.28,47.65,2026-09-26T21:12:01+00:00
2026-09-26T16:12:31-05:00,2026-09-26T21:12:31+00:00,Python SDK azure-iot-device (MQTT 8883),DC-RACKC-03,22.24,33.3,46.68,2026-09-26T21:12:31+00:00
2026-09-26T16:13:01-05:00,2026-09-26T21:13:01+00:00,Python SDK azure-iot-device (MQTT 8883),DC-RACKC-03,21.91,32.56,46.03,2026-09-26T21:13:01+00:00
2026-09-26T16:13:31-05:00,2026-09-26T21:13:31+00:00,Python SDK azure-iot-device (MQTT 8883),DC-RACKC-03,21.84,33.29,47.79,2026-09-26T21:13:31+00:00
2026-09-26T16:14:01-05:00,2026-09-26T21:14:01+00:00,Python SDK azure-iot-device (MQTT 8883),DC-RACKC-03,22.02,33.03,45.88,2026-09-26T21:14:01+00:00
2026-09-26T16:14:31-05:00,2026-09-26T21:14:31+00:00,Python SDK azure-iot-device (MQTT 8883),DC-RACKC-03,22.07,33.16,47.79,2026-09-26T21:14:31+00:00
2026-09-26T16:15:01-05:00,2026-09-26T21:15:01+00:00,Python SDK azure-iot-device (MQTT 8883),DC-RACKC-03,22.07,32.89,45.84,2026-09-26T21:15:01+00:00
2026-09-26T16:15:31-05:00,2026-09-26T21:15:31+00:00,Python SDK azure-iot-device (MQTT 8883),DC-RACKC-03,21.76,32.81,46.43,2026-09-26T21:15:31+00:00
2026-09-26T16:16:02-05:00,2026-09-26T21:16:02+00:00,Python SDK azure-iot-device (MQTT 8883),DC-RACKC-03,21.87,32.58,46.49,2026-09-26T21:16:01+00:00
2026-09-26T16:16:32-05:00,2026-09-26T21:16:32+00:00,Python SDK azure-iot-device (MQTT 8883),DC-RACKC-03,21.74,33.13,47.37,2026-09-26T21:16:32+00:00
2026-09-26T16:17:02-05:00,2026-09-26T21:17:02+00:00,Python SDK azure-iot-device (MQTT 8883),DC-RACKC-03,22.23,33.05,47.04,2026-09-26T21:17:02+00:00
2026-09-26T16:17:32-05:00,2026-09-26T21:17:32+00:00,Python SDK azure-iot-device (MQTT 8883),DC-RACKC-03,21.96,33.75,45.49,2026-09-26T21:17:32+00:00
2026-09-26T16:18:02-05:00,2026-09-26T21:18:02+00:00,Python SDK azure-iot-device (MQTT 8883),DC-RACKC-03,22.14,32.86,47.22,2026-09-26T21:18:02+00:00
2026-09-26T16:18:32-05:00,2026-09-26T21:18:32+00:00,Python SDK azure-iot-device (MQTT 8883),DC-RACKC-03,22.33,32.93,47.06,2026-09-26T21:18:32+00:00
2026-09-26T16:19:02-05:00,2026-09-26T21:19:02+00:00,Python SDK azure-iot-device (MQTT 8883),DC-RACKC-03,22.21,33.33,45.76,2026-09-26T21:19:02+00:00
2026-09-26T16:19:32-05:00,2026-09-26T21:19:32+00:00,Python SDK azure-iot-device (MQTT 8883),DC-RACKC-03,22.38,33.36,45.88,2026-09-26T21:19:32+00:00
2026-09-26T16:20:02-05:00,2026-09-26T21:20:02+00:00,Python SDK azure-iot-device (MQTT 8883),DC-RACKC-03,22.35,33.33,47.03,2026-09-26T21:20:02+00:00
2026-09-26T16:20:33-05:00,2026-09-26T21:20:33+00:00,Python SDK azure-iot-device (MQTT 8883),DC-RACKC-03,21.78,33.12,46.46,2026-09-26T21:20:32+00:00
2026-09-26T16:21:03-05:00,2026-09-26T21:21:03+00:00,Python SDK azure-iot-device (MQTT 8883),DC-RACKC-03,22.38,34.18,47.25,2026-09-26T21:21:03+00:00
2026-09-26T16:21:33-05:00,2026-09-26T21:21:33+00:00,Python SDK azure-iot-device (MQTT 8883),DC-RACKC-03,21.85,33.43,47.36,2026-09-26T21:21:33+00:00
2026-09-26T16:22:03-05:00,2026-09-26T21:22:03+00:00,Python SDK azure-iot-device (MQTT 8883),DC-RACKC-03,22.01,32.95,46.29,2026-09-26T21:22:03+00:00
2026-09-26T16:22:33-05:00,2026-09-26T21:22:33+00:00,Python SDK azure-iot-device (MQTT 8883),DC-RACKC-03,22.42,33.98,47.22,2026-09-26T21:22:33+00:00
2026-09-26T16:23:03-05:00,2026-09-26T21:23:03+00:00,Python SDK azure-iot-device (MQTT 8883),DC-RACKC-03,22.1,33.35,45.85,2026-09-26T21:23:03+00:00
2026-09-26T16:23:33-05:00,2026-09-26T21:23:33+00:00,Python SDK azure-iot-device (MQTT 8883),DC-RACKC-03,22.14,33.75,45.85,2026-09-26T21:23:33+00:00
2026-09-26T16:24:03-05:00,2026-09-26T21:24:03+00:00,Python SDK azure-iot-device (MQTT 8883),DC-RACKC-03,22.04,33.15,46.93,2026-09-26T21:24:03+00:00
2026-09-26T16:24:33-05:00,2026-09-26T21:24:33+00:00,Python SDK azure-iot-device (MQTT 8883),DC-RACKC-03,21.81,33.27,45.25,2026-09-26T21:24:33+00:00
2026-09-26T16:25:03-05:00,2026-09-26T21:25:03+00:00,Python SDK azure-iot-device (MQTT 8883),DC-RACKC-03,22.3,33.97,46.61,2026-09-26T21:25:03+00:00
2026-09-26T16:25:34-05:00,2026-09-26T21:25:34+00:00,Python SDK azure-iot-device (MQTT 8883),DC-RACKC-03,22.33,32.91,47.26,2026-09-26T21:25:33+00:00
2026-09-26T16:26:04-05:00,2026-09-26T21:26:04+00:00,Python SDK azure-iot-device (MQTT 8883),DC-RACKC-03,22.25,33.42,46.31,2026-09-26T21:26:04+00:00
2026-09-26T16:26:34-05:00,2026-09-26T21:26:34+00:00,Python SDK azure-iot-device (MQTT 8883),DC-RACKC-03,22.41,33.09,46.97,2026-09-26T21:26:34+00:00
2026-09-26T16:27:04-05:00,2026-09-26T21:27:04+00:00,Python SDK azure-iot-device (MQTT 8883),DC-RACKC-03,22.37,33.33,46.9,2026-09-26T21:27:04+00:00
2026-09-26T16:27:34-05:00,2026-09-26T21:27:34+00:00,Python SDK azure-iot-device (MQTT 8883),DC-RACKC-03,21.76,33.2,46.58,2026-09-26T21:27:34+00:00
2026-09-26T16:28:04-05:00,2026-09-26T21:28:04+00:00,Python SDK azure-iot-device (MQTT 8883),DC-RACKC-03,21.8,32.89,46.8,2026-09-26T21:28:04+00:00
2026-09-26T16:28:34-05:00,2026-09-26T21:28:34+00:00,Python SDK azure-iot-device (MQTT 8883),DC-RACKC-03,21.96,32.58,45.82,2026-09-26T21:28:34+00:00
2026-09-26T16:29:04-05:00,2026-09-26T21:29:04+00:00,Python SDK azure-iot-device (MQTT 8883),DC-RACKC-03,22.35,33.81,46.68,2026-09-26T21:29:04+00:00
2026-09-26T16:29:34-05:00,2026-09-26T21:29:34+00:00,Python SDK azure-iot-device (MQTT 8883),DC-RACKC-03,22.15,33.5,45.03,2026-09-26T21:29:34+00:00
2026-09-26T16:30:05-05:00,2026-09-26T21:30:05+00:00,Python SDK azure-iot-device (MQTT 8883),DC-RACKC-03,21.95,33.31,45.64,2026-09-26T21:30:04+00:00
2026-09-26T16:30:35-05:00,2026-09-26T21:30:35+00:00,Python SDK azure-iot-device (MQTT 8883),DC-RACKC-03,22.09,32.94,46.79,2026-09-26T21:30:35+00:00
2026-09-26T16:31:05-05:00,2026-09-26T21:31:05+00:00,Python SDK azure-iot-device (MQTT 8883),DC-RACKC-03,22.0,33.08,45.77,2026-09-26T21:31:05+00:00
2026-09-26T16:31:35-05:00,2026-09-26T21:31:35+00:00,Python SDK azure-iot-device (MQTT 8883),DC-RACKC-03,22.17,33.03,45.1,2026-09-26T21:31:35+00:00
2026-09-26T16:32:05-05:00,2026-09-26T21:32:05+00:00,Python SDK azure-iot-device (MQTT 8883),DC-RACKC-03,21.92,33.29,47.16,2026-09-26T21:32:05+00:00
2026-09-26T16:32:35-05:00,2026-09-26T21:32:35+00:00,Python SDK azure-iot-device (MQTT 8883),DC-RACKC-03,21.82,33.04,45.36,2026-09-26T21:32:35+00:00
2026-09-26T16:33:05-05:00,2026-09-26T21:33:05+00:00,Python SDK azure-iot-device (MQTT 8883),DC-RACKC-03,22.24,33.13,45.7,2026-09-26T21:33:05+00:00
2026-09-26T16:33:35-05:00,2026-09-26T21:33:35+00:00,Python SDK azure-iot-device (MQTT 8883),DC-RACKC-03,21.91,33.52,47.03,2026-09-26T21:33:35+00:00
2026-09-26T16:34:05-05:00,2026-09-26T21:34:05+00:00,Python SDK azure-iot-device (MQTT 8883),DC-RACKC-03,22.27,33.06,45.28,2026-09-26T21:34:05+00:00
2026-09-26T16:34:36-05:00,2026-09-26T21:34:36+00:00,Python SDK azure-iot-device (MQTT 8883),DC-RACKC-03,21.75,32.72,45.47,2026-09-26T21:34:35+00:00
2026-09-26T16:35:06-05:00,2026-09-26T21:35:06+00:00,Python SDK azure-iot-device (MQTT 8883),DC-RACKC-03,22.12,33.86,46.12,2026-09-26T21:35:06+00:00
2026-09-26T16:35:36-05:00,2026-09-26T21:35:36+00:00,Python SDK azure-iot-device (MQTT 8883),DC-RACKC-03,21.88,32.86,46.76,2026-09-26T21:35:36+00:00
2026-09-26T16:36:06-05:00,2026-09-26T21:36:06+00:00,Python SDK azure-iot-device (MQTT 8883),DC-RACKC-03,21.8,32.76,47.16,2026-09-26T21:36:06+00:00
2026-09-26T16:36:36-05:00,2026-09-26T21:36:36+00:00,Python SDK azure-iot-device (MQTT 8883),DC-RACKC-03,22.38,33.36,45.48,2026-09-26T21:36:36+00:00
2026-09-26T16:37:06-05:00,2026-09-26T21:37:06+00:00,Python SDK azure-iot-device (MQTT 8883),DC-RACKC-03,21.94,32.73,46.91,2026-09-26T21:37:06+00:00
2026-09-26T16:37:36-05:00,2026-09-26T21:37:36+00:00,Python SDK azure-iot-device (MQTT 8883),DC-RACKC-03,21.81,32.46,46.29,2026-09-26T21:37:36+00:00
2026-09-26T16:38:06-05:00,2026-09-26T21:38:06+00:00,Python SDK azure-iot-device (MQTT 8883),DC-RACKC-03,22.39,33.03,46.07,2026-09-26T21:38:06+00:00
2026-09-26T16:38:36-05:00,2026-09-26T21:38:36+00:00,Python SDK azure-iot-device (MQTT 8883),DC-RACKC-03,22.33,32.96,46.79,2026-09-26T21:38:36+00:00
2026-09-26T16:39:06-05:00,2026-09-26T21:39:06+00:00,Python SDK azure-iot-device (MQTT 8883),DC-RACKC-03,22.36,34.01,45.33,2026-09-26T21:39:06+00:00
2026-09-26T16:39:37-05:00,2026-09-26T21:39:37+00:00,Python SDK azure-iot-device (MQTT 8883),DC-RACKC-03,22.35,33.24,46.69,2026-09-26T21:39:36+00:00
2026-09-26T16:40:07-05:00,2026-09-26T21:40:07+00:00,Python SDK azure-iot-device (MQTT 8883),DC-RACKC-03,22.18,33.75,46.12,2026-09-26T21:40:07+00:00
2026-09-26T16:40:37-05:00,2026-09-26T21:40:37+00:00,Python SDK azure-iot-device (MQTT 8883),DC-RACKC-03,22.35,33.53,46.96,2026-09-26T21:40:37+00:00
2026-09-26T16:41:07-05:00,2026-09-26T21:41:07+00:00,Python SDK azure-iot-device (MQTT 8883),DC-RACKC-03,21.73,32.36,45.3,2026-09-26T21:41:07+00:00
2026-09-26T16:41:37-05:00,2026-09-26T21:41:37+00:00,Python SDK azure-iot-device (MQTT 8883),DC-RACKC-03,21.8,32.89,46.05,2026-09-26T21:41:37+00:00
2026-09-26T16:42:07-05:00,2026-09-26T21:42:07+00:00,Python SDK azure-iot-device (MQTT 8883),DC-RACKC-03,22.02,33.43,46.78,2026-09-26T21:42:07+00:00
2026-09-26T16:42:37-05:00,2026-09-26T21:42:37+00:00,Python SDK azure-iot-device (MQTT 8883),DC-RACKC-03,21.73,32.51,44.8,2026-09-26T21:42:37+00:00
2026-09-26T16:43:07-05:00,2026-09-26T21:43:07+00:00,Python SDK azure-iot-device (MQTT 8883),DC-RACKC-03,22.14,32.95,44.82,2026-09-26T21:43:07+00:00
2026-09-26T16:43:37-05:00,2026-09-26T21:43:37+00:00,Python SDK azure-iot-device (MQTT 8883),DC-RACKC-03,22.27,33.39,46.41,2026-09-26T21:43:37+00:00
2026-09-26T16:44:08-05:00,2026-09-26T21:44:08+00:00,Python SDK azure-iot-device (MQTT 8883),DC-RACKC-03,21.73,33.25,45.24,2026-09-26T21:44:07+00:00
2026-09-26T16:44:38-05:00,2026-09-26T21:44:38+00:00,Python SDK azure-iot-device (MQTT 8883),DC-RACKC-03,21.97,32.62,46.57,2026-09-26T21:44:38+00:00
2026-09-26T16:45:08-05:00,2026-09-26T21:45:08+00:00,Python SDK azure-iot-device (MQTT 8883),DC-RACKC-03,22.14,33.32,44.84,2026-09-26T21:45:08+00:00
2026-09-26T16:45:38-05:00,2026-09-26T21:45:38+00:00,Python SDK azure-iot-device (MQTT 8883),DC-RACKC-03,21.83,32.76,46.8,2026-09-26T21:45:38+00:00
2026-09-26T16:46:08-05:00,2026-09-26T21:46:08+00:00,Python SDK azure-iot-device (MQTT 8883),DC-RACKC-03,21.79,33.22,45.97,2026-09-26T21:46:08+00:00
2026-09-26T16:46:38-05:00,2026-09-26T21:46:38+00:00,Python SDK azure-iot-device (MQTT 8883),DC-RACKC-03,22.06,33.55,44.68,2026-09-26T21:46:38+00:00
2026-09-26T16:47:08-05:00,2026-09-26T21:47:08+00:00,Python SDK azure-iot-device (MQTT 8883),DC-RACKC-03,21.88,33.14,46.82,2026-09-26T21:47:08+00:00
2026-09-26T16:47:38-05:00,2026-09-26T21:47:38+00:00,Python SDK azure-iot-device (MQTT 8883),DC-RACKC-03,21.92,33.59,46.06,2026-09-26T21:47:38+00:00
2026-09-26T16:48:08-05:00,2026-09-26T21:48:08+00:00,Python SDK azure-iot-device (MQTT 8883),DC-RACKC-03,21.92,33.35,44.93,2026-09-26T21:48:08+00:00
2026-09-26T16:48:38-05:00,2026-09-26T21:48:38+00:00,Python SDK azure-iot-device (MQTT 8883),DC-RACKC-03,21.81,32.69,46.13,2026-09-26T21:48:38+00:00
2026-09-26T16:49:09-05:00,2026-09-26T21:49:09+00:00,Python SDK azure-iot-device (MQTT 8883),DC-RACKC-03,21.87,33.09,45.25,2026-09-26T21:49:08+00:00
2026-09-26T16:49:39-05:00,2026-09-26T21:49:39+00:00,Python SDK azure-iot-device (MQTT 8883),DC-RACKC-03,21.91,32.67,44.85,2026-09-26T21:49:39+00:00
2026-09-26T16:50:09-05:00,2026-09-26T21:50:09+00:00,Python SDK azure-iot-device (MQTT 8883),DC-RACKC-03,21.81,33.16,46.77,2026-09-26T21:50:09+00:00
2026-09-26T16:50:39-05:00,2026-09-26T21:50:39+00:00,Python SDK azure-iot-device (MQTT 8883),DC-RACKC-03,22.06,32.91,44.9,2026-09-26T21:50:39+00:00
2026-09-26T16:51:09-05:00,2026-09-26T21:51:09+00:00,Python SDK azure-iot-device (MQTT 8883),DC-RACKC-03,22.04,33.35,45.75,2026-09-26T21:51:09+00:00
2026-09-26T16:51:39-05:00,2026-09-26T21:51:39+00:00,Python SDK azure-iot-device (MQTT 8883),DC-RACKC-03,21.8,32.38,45.35,2026-09-26T21:51:39+00:00
2026-09-26T16:52:09-05:00,2026-09-26T21:52:09+00:00,Python SDK azure-iot-device (MQTT 8883),DC-RACKC-03,22.14,33.47,46.54,2026-09-26T21:52:09+00:00
2026-09-26T16:52:39-05:00,2026-09-26T21:52:39+00:00,Python SDK azure-iot-device (MQTT 8883),DC-RACKC-03,21.98,33.06,45.16,2026-09-26T21:52:39+00:00
2026-09-26T16:53:09-05:00,2026-09-26T21:53:09+00:00,Python SDK azure-iot-device (MQTT 8883),DC-RACKC-03,22.03,33.03,46.55,2026-09-26T21:53:09+00:00
2026-09-26T16:53:40-05:00,2026-09-26T21:53:40+00:00,Python SDK azure-iot-device (MQTT 8883),DC-RACKC-03,21.76,32.74,46.19,2026-09-26T21:53:39+00:00
2026-09-26T16:54:10-05:00,2026-09-26T21:54:10+00:00,Python SDK azure-iot-device (MQTT 8883),DC-RACKC-03,22.25,33.65,45.58,2026-09-26T21:54:10+00:00
2026-09-26T16:54:40-05:00,2026-09-26T21:54:40+00:00,Python SDK azure-iot-device (MQTT 8883),DC-RACKC-03,21.95,33.24,45.63,2026-09-26T21:54:40+00:00
2026-09-26T16:55:10-05:00,2026-09-26T21:55:10+00:00,Python SDK azure-iot-device (MQTT 8883),DC-RACKC-03,22.01,33.48,45.55,2026-09-26T21:55:10+00:00
2026-09-26T16:55:40-05:00,2026-09-26T21:55:40+00:00,Python SDK azure-iot-device (MQTT 8883),DC-RACKC-03,21.82,33.19,46.51,2026-09-26T21:55:40+00:00
2026-09-26T16:56:10-05:00,2026-09-26T21:56:10+00:00,Python SDK azure-iot-device (MQTT 8883),DC-RACKC-03,22.29,33.46,45.3,2026-09-26T21:56:10+00:00
2026-09-26T16:56:40-05:00,2026-09-26T21:56:40+00:00,Python SDK azure-iot-device (MQTT 8883),DC-RACKC-03,22.24,33.62,44.83,2026-09-26T21:56:40+00:00
2026-09-26T16:57:10-05:00,2026-09-26T21:57:10+00:00,Python SDK azure-iot-device (MQTT 8883),DC-RACKC-03,21.69,32.59,46.29,2026-09-26T21:57:10+00:00
2026-09-26T16:57:40-05:00,2026-09-26T21:57:40+00:00,Python SDK azure-iot-device (MQTT 8883),DC-RACKC-03,22.12,33.28,44.8,2026-09-26T21:57:40+00:00
2026-09-26T16:58:10-05:00,2026-09-26T21:58:10+00:00,Python SDK azure-iot-device (MQTT 8883),DC-RACKC-03,21.76,33.42,46.63,2026-09-26T21:58:10+00:00
2026-09-26T16:58:41-05:00,2026-09-26T21:58:41+00:00,Python SDK azure-iot-device (MQTT 8883),DC-RACKC-03,21.9,33.15,46.2,2026-09-26T21:58:40+00:00
2026-09-26T16:59:11-05:00,2026-09-26T21:59:11+00:00,Python SDK azure-iot-device (MQTT 8883),DC-RACKC-03,21.97,33.22,44.57,2026-09-26T21:59:11+00:00
2026-09-26T16:59:41-05:00,2026-09-26T21:59:41+00:00,Python SDK azure-iot-device (MQTT 8883),DC-RACKC-03,21.98,33.76,45.88,2026-09-26T21:59:41+00:00
2026-09-26T17:00:11-05:00,2026-09-26T22:00:11+00:00,Python SDK azure-iot-device (MQTT 8883),DC-RACKC-03,22.15,33.75,44.3,2026-09-26T22:00:11+00:00
2026-09-26T17:00:41-05:00,2026-09-26T22:00:41+00:00,Python SDK azure-iot-device (MQTT 8883),DC-RACKC-03,21.99,33.2,46.56,2026-09-26T22:00:41+00:00
2026-09-26T17:01:11-05:00,2026-09-26T22:01:11+00:00,Python SDK azure-iot-device (MQTT 8883),DC-RACKC-03,22.26,33.38,44.26,2026-09-26T22:01:11+00:00
2026-09-26T17:01:41-05:00,2026-09-26T22:01:41+00:00,Python SDK azure-iot-device (MQTT 8883),DC-RACKC-03,22.26,32.96,45.4,2026-09-26T22:01:41+00:00
2026-09-26T17:02:11-05:00,2026-09-26T22:02:11+00:00,Python SDK azure-iot-device (MQTT 8883),DC-RACKC-03,21.98,32.93,44.33,2026-09-26T22:02:11+00:00
2026-09-26T17:02:41-05:00,2026-09-26T22:02:41+00:00,Python SDK azure-iot-device (MQTT 8883),DC-RACKC-03,22.3,33.56,44.32,2026-09-26T22:02:41+00:00
2026-09-26T17:03:12-05:00,2026-09-26T22:03:12+00:00,Python SDK azure-iot-device (MQTT 8883),DC-RACKC-03,21.7,32.99,45.97,2026-09-26T22:03:11+00:00
2026-09-26T17:03:42-05:00,2026-09-26T22:03:42+00:00,Python SDK azure-iot-device (MQTT 8883),DC-RACKC-03,21.83,33.0,45.49,2026-09-26T22:03:42+00:00
2026-09-26T17:04:12-05:00,2026-09-26T22:04:12+00:00,Python SDK azure-iot-device (MQTT 8883),DC-RACKC-03,22.38,32.99,46.21,2026-09-26T22:04:12+00:00
2026-09-26T17:04:42-05:00,2026-09-26T22:04:42+00:00,Python SDK azure-iot-device (MQTT 8883),DC-RACKC-03,22.38,33.53,45.53,2026-09-26T22:04:42+00:00
2026-09-26T17:05:12-05:00,2026-09-26T22:05:12+00:00,Python SDK azure-iot-device (MQTT 8883),DC-RACKC-03,22.02,32.9,45.58,2026-09-26T22:05:12+00:00
2026-09-26T17:05:42-05:00,2026-09-26T22:05:42+00:00,Python SDK azure-iot-device (MQTT 8883),DC-RACKC-03,21.94,33.23,44.59,2026-09-26T22:05:42+00:00
2026-09-26T17:06:12-05:00,2026-09-26T22:06:12+00:00,Python SDK azure-iot-device (MQTT 8883),DC-RACKC-03,22.19,33.18,44.2,2026-09-26T22:06:12+00:00
2026-09-26T17:06:42-05:00,2026-09-26T22:06:42+00:00,Python SDK azure-iot-device (MQTT 8883),DC-RACKC-03,21.96,33.29,46.03,2026-09-26T22:06:42+00:00
2026-09-26T17:07:12-05:00,2026-09-26T22:07:12+00:00,Python SDK azure-iot-device (MQTT 8883),DC-RACKC-03,21.9,32.47,45.67,2026-09-26T22:07:12+00:00
2026-09-26T17:07:43-05:00,2026-09-26T22:07:43+00:00,Python SDK azure-iot-device (MQTT 8883),DC-RACKC-03,22.33,33.33,46.39,2026-09-26T22:07:42+00:00
2026-09-26T17:08:13-05:00,2026-09-26T22:08:13+00:00,Python SDK azure-iot-device (MQTT 8883),DC-RACKC-03,21.73,33.44,45.88,2026-09-26T22:08:13+00:00
2026-09-26T17:08:43-05:00,2026-09-26T22:08:43+00:00,Python SDK azure-iot-device (MQTT 8883),DC-RACKC-03,21.97,33.28,45.39,2026-09-26T22:08:43+00:00
2026-09-26T17:09:13-05:00,2026-09-26T22:09:13+00:00,Python SDK azure-iot-device (MQTT 8883),DC-RACKC-03,21.83,33.33,44.69,2026-09-26T22:09:13+00:00
2026-09-26T17:09:43-05:00,2026-09-26T22:09:43+00:00,Python SDK azure-iot-device (MQTT 8883),DC-RACKC-03,21.94,33.03,46.23,2026-09-26T22:09:43+00:00
2026-09-26T17:10:13-05:00,2026-09-26T22:10:13+00:00,Python SDK azure-iot-device (MQTT 8883),DC-RACKC-03,21.79,32.75,45.67,2026-09-26T22:10:13+00:00
2026-09-26T17:10:43-05:00,2026-09-26T22:10:43+00:00,Python SDK azure-iot-device (MQTT 8883),DC-RACKC-03,21.74,32.54,46.09,2026-09-26T22:10:43+00:00
2026-09-26T17:11:13-05:00,2026-09-26T22:11:13+00:00,Python SDK azure-iot-device (MQTT 8883),DC-RACKC-03,21.99,32.64,44.13,2026-09-26T22:11:13+00:00
2026-09-26T17:11:43-05:00,2026-09-26T22:11:43+00:00,Python SDK azure-iot-device (MQTT 8883),DC-RACKC-03,21.78,32.63,45.16,2026-09-26T22:11:43+00:00
2026-09-26T17:12:13-05:00,2026-09-26T22:12:13+00:00,Python SDK azure-iot-device (MQTT 8883),DC-RACKC-03,21.71,32.85,44.91,2026-09-26T22:12:13+00:00
2026-09-26T17:12:44-05:00,2026-09-26T22:12:44+00:00,Python SDK azure-iot-device (MQTT 8883),DC-RACKC-03,21.95,33.49,44.97,2026-09-26T22:12:43+00:00
2026-09-26T17:13:14-05:00,2026-09-26T22:13:14+00:00,Python SDK azure-iot-device (MQTT 8883),DC-RACKC-03,22.1,32.91,45.46,2026-09-26T22:13:14+00:00
2026-09-26T17:13:44-05:00,2026-09-26T22:13:44+00:00,Python SDK azure-iot-device (MQTT 8883),DC-RACKC-03,21.97,32.58,44.95,2026-09-26T22:13:44+00:00
2026-09-26T17:14:14-05:00,2026-09-26T22:14:14+00:00,Python SDK azure-iot-device (MQTT 8883),DC-RACKC-03,21.92,33.36,45.1,2026-09-26T22:14:14+00:00
2026-09-26T17:14:44-05:00,2026-09-26T22:14:44+00:00,Python SDK azure-iot-device (MQTT 8883),DC-RACKC-03,22.25,33.03,44.18,2026-09-26T22:14:44+00:00
2026-09-26T17:15:14-05:00,2026-09-26T22:15:14+00:00,Python SDK azure-iot-device (MQTT 8883),DC-RACKC-03,21.98,33.3,45.91,2026-09-26T22:15:14+00:00
2026-09-26T17:15:44-05:00,2026-09-26T22:15:44+00:00,Python SDK azure-iot-device (MQTT 8883),DC-RACKC-03,21.95,33.21,45.75,2026-09-26T22:15:44+00:00
2026-09-26T17:16:14-05:00,2026-09-26T22:16:14+00:00,Python SDK azure-iot-device (MQTT 8883),DC-RACKC-03,22.33,33.59,44.52,2026-09-26T22:16:14+00:00
2026-09-26T17:16:44-05:00,2026-09-26T22:16:44+00:00,Python SDK azure-iot-device (MQTT 8883),DC-RACKC-03,21.99,33.53,45.32,2026-09-26T22:16:44+00:00
2026-09-26T17:17:15-05:00,2026-09-26T22:17:15+00:00,Python SDK azure-iot-device (MQTT 8883),DC-RACKC-03,21.73,32.99,45.82,2026-09-26T22:17:14+00:00
2026-09-26T17:17:45-05:00,2026-09-26T22:17:45+00:00,Python SDK azure-iot-device (MQTT 8883),DC-RACKC-03,22.28,32.87,45.7,2026-09-26T22:17:45+00:00
2026-09-26T17:18:15-05:00,2026-09-26T22:18:15+00:00,Python SDK azure-iot-device (MQTT 8883),DC-RACKC-03,21.85,32.95,45.28,2026-09-26T22:18:15+00:00
2026-09-26T17:18:45-05:00,2026-09-26T22:18:45+00:00,Python SDK azure-iot-device (MQTT 8883),DC-RACKC-03,22.26,33.04,44.43,2026-09-26T22:18:45+00:00
2026-09-26T17:19:15-05:00,2026-09-26T22:19:15+00:00,Python SDK azure-iot-device (MQTT 8883),DC-RACKC-03,21.86,32.94,44.57,2026-09-26T22:19:15+00:00
2026-09-26T17:19:45-05:00,2026-09-26T22:19:45+00:00,Python SDK azure-iot-device (MQTT 8883),DC-RACKC-03,22.07,33.01,45.45,2026-09-26T22:19:45+00:00
2026-09-26T17:20:15-05:00,2026-09-26T22:20:15+00:00,Python SDK azure-iot-device (MQTT 8883),DC-RACKC-03,22.11,33.26,45.27,2026-09-26T22:20:15+00:00
2026-09-26T17:20:45-05:00,2026-09-26T22:20:45+00:00,Python SDK azure-iot-device (MQTT 8883),DC-RACKC-03,22.22,33.62,45.08,2026-09-26T22:20:45+00:00
2026-09-26T17:21:15-05:00,2026-09-26T22:21:15+00:00,Python SDK azure-iot-device (MQTT 8883),DC-RACKC-03,22.36,33.11,44.29,2026-09-26T22:21:15+00:00
2026-09-26T17:21:45-05:00,2026-09-26T22:21:45+00:00,Python SDK azure-iot-device (MQTT 8883),DC-RACKC-03,22.37,33.94,45.35,2026-09-26T22:21:45+00:00
2026-09-26T17:22:16-05:00,2026-09-26T22:22:16+00:00,Python SDK azure-iot-device (MQTT 8883),DC-RACKC-03,22.3,33.07,44.95,2026-09-26T22:22:15+00:00
2026-09-26T17:22:46-05:00,2026-09-26T22:22:46+00:00,Python SDK azure-iot-device (MQTT 8883),DC-RACKC-03,22.27,33.23,44.73,2026-09-26T22:22:46+00:00
2026-09-26T17:23:16-05:00,2026-09-26T22:23:16+00:00,Python SDK azure-iot-device (MQTT 8883),DC-RACKC-03,22.36,32.95,45.72,2026-09-26T22:23:16+00:00
2026-09-26T17:23:46-05:00,2026-09-26T22:23:46+00:00,Python SDK azure-iot-device (MQTT 8883),DC-RACKC-03,22.03,32.8,45.41,2026-09-26T22:23:46+00:00
2026-09-26T17:24:16-05:00,2026-09-26T22:24:16+00:00,Python SDK azure-iot-device (MQTT 8883),DC-RACKC-03,21.88,33.03,44.31,2026-09-26T22:24:16+00:00
2026-09-26T17:24:46-05:00,2026-09-26T22:24:46+00:00,Python SDK azure-iot-device (MQTT 8883),DC-RACKC-03,22.11,33.84,43.9,2026-09-26T22:24:46+00:00
2026-09-26T17:25:16-05:00,2026-09-26T22:25:16+00:00,Python SDK azure-iot-device (MQTT 8883),DC-RACKC-03,21.97,33.18,44.96,2026-09-26T22:25:16+00:00
2026-09-26T17:25:46-05:00,2026-09-26T22:25:46+00:00,Python SDK azure-iot-device (MQTT 8883),DC-RACKC-03,22.23,33.29,44.94,2026-09-26T22:25:46+00:00
2026-09-26T17:26:16-05:00,2026-09-26T22:26:16+00:00,Python SDK azure-iot-device (MQTT 8883),DC-RACKC-03,22.02,33.67,44.66,2026-09-26T22:26:16+00:00
2026-09-26T17:26:47-05:00,2026-09-26T22:26:47+00:00,Python SDK azure-iot-device (MQTT 8883),DC-RACKC-03,22.15,33.8,44.28,2026-09-26T22:26:46+00:00
2026-09-26T17:27:17-05:00,2026-09-26T22:27:17+00:00,Python SDK azure-iot-device (MQTT 8883),DC-RACKC-03,22.2,33.81,43.72,2026-09-26T22:27:17+00:00
2026-09-26T17:27:47-05:00,2026-09-26T22:27:47+00:00,Python SDK azure-iot-device (MQTT 8883),DC-RACKC-03,22.31,33.31,44.48,2026-09-26T22:27:47+00:00
2026-09-26T17:28:17-05:00,2026-09-26T22:28:17+00:00,Python SDK azure-iot-device (MQTT 8883),DC-RACKC-03,21.73,32.22,44.17,2026-09-26T22:28:17+00:00
2026-09-26T17:28:47-05:00,2026-09-26T22:28:47+00:00,Python SDK azure-iot-device (MQTT 8883),DC-RACKC-03,22.39,33.33,44.68,2026-09-26T22:28:47+00:00
2026-09-26T17:29:17-05:00,2026-09-26T22:29:17+00:00,Python SDK azure-iot-device (MQTT 8883),DC-RACKC-03,22.26,34.0,44.18,2026-09-26T22:29:17+00:00
2026-09-26T17:29:47-05:00,2026-09-26T22:29:47+00:00,Python SDK azure-iot-device (MQTT 8883),DC-RACKC-03,22.17,32.87,45.09,2026-09-26T22:29:47+00:00
2026-09-26T17:30:17-05:00,2026-09-26T22:30:17+00:00,Python SDK azure-iot-device (MQTT 8883),DC-RACKC-03,21.95,32.87,43.87,2026-09-26T22:30:17+00:00
2026-09-26T17:30:47-05:00,2026-09-26T22:30:47+00:00,Python SDK azure-iot-device (MQTT 8883),DC-RACKC-03,21.74,32.95,44.27,2026-09-26T22:30:47+00:00
2026-09-26T17:31:17-05:00,2026-09-26T22:31:17+00:00,Python SDK azure-iot-device (MQTT 8883),DC-RACKC-03,22.29,33.05,43.88,2026-09-26T22:31:17+00:00
2026-09-26T17:31:48-05:00,2026-09-26T22:31:48+00:00,Python SDK azure-iot-device (MQTT 8883),DC-RACKC-03,21.86,33.09,45.21,2026-09-26T22:31:47+00:00
2026-09-26T17:32:18-05:00,2026-09-26T22:32:18+00:00,Python SDK azure-iot-device (MQTT 8883),DC-RACKC-03,22.27,33.12,45.66,2026-09-26T22:32:18+00:00
2026-09-26T17:32:48-05:00,2026-09-26T22:32:48+00:00,Python SDK azure-iot-device (MQTT 8883),DC-RACKC-03,22.09,32.6,44.65,2026-09-26T22:32:48+00:00
2026-09-26T17:33:18-05:00,2026-09-26T22:33:18+00:00,Python SDK azure-iot-device (MQTT 8883),DC-RACKC-03,22.4,33.75,43.76,2026-09-26T22:33:18+00:00
2026-09-26T17:33:48-05:00,2026-09-26T22:33:48+00:00,Python SDK azure-iot-device (MQTT 8883),DC-RACKC-03,21.84,32.68,43.73,2026-09-26T22:33:48+00:00
2026-09-26T17:34:18-05:00,2026-09-26T22:34:18+00:00,Python SDK azure-iot-device (MQTT 8883),DC-RACKC-03,22.06,32.9,44.64,2026-09-26T22:34:18+00:00
2026-09-26T17:34:48-05:00,2026-09-26T22:34:48+00:00,Python SDK azure-iot-device (MQTT 8883),DC-RACKC-03,21.97,33.33,45.14,2026-09-26T22:34:48+00:00
2026-09-26T17:35:18-05:00,2026-09-26T22:35:18+00:00,Python SDK azure-iot-device (MQTT 8883),DC-RACKC-03,22.36,33.47,44.24,2026-09-26T22:35:18+00:00
2026-09-26T17:35:48-05:00,2026-09-26T22:35:48+00:00,Python SDK azure-iot-device (MQTT 8883),DC-RACKC-03,22.32,33.96,43.48,2026-09-26T22:35:48+00:00
2026-09-26T17:36:19-05:00,2026-09-26T22:36:19+00:00,Python SDK azure-iot-device (MQTT 8883),DC-RACKC-03,21.87,33.17,44.76,2026-09-26T22:36:18+00:00
2026-09-26T17:36:49-05:00,2026-09-26T22:36:49+00:00,Python SDK azure-iot-device (MQTT 8883),DC-RACKC-03,21.77,32.83,44.7,2026-09-26T22:36:49+00:00
2026-09-26T17:37:19-05:00,2026-09-26T22:37:19+00:00,Python SDK azure-iot-device (MQTT 8883),DC-RACKC-03,22.39,34.08,44.88,2026-09-26T22:37:19+00:00
2026-09-26T17:37:49-05:00,2026-09-26T22:37:49+00:00,Python SDK azure-iot-device (MQTT 8883),DC-RACKC-03,22.32,33.54,45.6,2026-09-26T22:37:49+00:00
2026-09-26T17:38:19-05:00,2026-09-26T22:38:19+00:00,Python SDK azure-iot-device (MQTT 8883),DC-RACKC-03,22.14,33.54,45.09,2026-09-26T22:38:19+00:00
2026-09-26T17:38:49-05:00,2026-09-26T22:38:49+00:00,Python SDK azure-iot-device (MQTT 8883),DC-RACKC-03,21.97,33.07,43.7,2026-09-26T22:38:49+00:00
2026-09-26T17:39:19-05:00,2026-09-26T22:39:19+00:00,Python SDK azure-iot-device (MQTT 8883),DC-RACKC-03,21.8,32.59,45.02,2026-09-26T22:39:19+00:00
2026-09-26T17:39:49-05:00,2026-09-26T22:39:49+00:00,Python SDK azure-iot-device (MQTT 8883),DC-RACKC-03,22.34,33.71,43.32,2026-09-26T22:39:49+00:00
2026-09-26T17:40:19-05:00,2026-09-26T22:40:19+00:00,Python SDK azure-iot-device (MQTT 8883),DC-RACKC-03,21.67,32.4,45.6,2026-09-26T22:40:19+00:00
2026-09-26T17:40:50-05:00,2026-09-26T22:40:50+00:00,Python SDK azure-iot-device (MQTT 8883),DC-RACKC-03,21.7,33.14,43.38,2026-09-26T22:40:49+00:00
2026-09-26T17:41:20-05:00,2026-09-26T22:41:20+00:00,Python SDK azure-iot-device (MQTT 8883),DC-RACKC-03,21.85,32.56,43.69,2026-09-26T22:41:20+00:00
2026-09-26T17:41:50-05:00,2026-09-26T22:41:50+00:00,Python SDK azure-iot-device (MQTT 8883),DC-RACKC-03,21.9,33.48,44.76,2026-09-26T22:41:50+00:00
2026-09-26T17:42:20-05:00,2026-09-26T22:42:20+00:00,Python SDK azure-iot-device (MQTT 8883),DC-RACKC-03,21.93,32.92,43.69,2026-09-26T22:42:20+00:00
2026-09-26T17:42:50-05:00,2026-09-26T22:42:50+00:00,Python SDK azure-iot-device (MQTT 8883),DC-RACKC-03,22.01,32.65,44.68,2026-09-26T22:42:50+00:00
2026-09-26T17:43:20-05:00,2026-09-26T22:43:20+00:00,Python SDK azure-iot-device (MQTT 8883),DC-RACKC-03,21.95,32.62,43.83,2026-09-26T22:43:20+00:00
2026-09-26T17:43:50-05:00,2026-09-26T22:43:50+00:00,Python SDK azure-iot-device (MQTT 8883),DC-RACKC-03,21.94,32.46,44.47,2026-09-26T22:43:50+00:00
2026-09-26T17:44:20-05:00,2026-09-26T22:44:20+00:00,Python SDK azure-iot-device (MQTT 8883),DC-RACKC-03,22.29,33.58,44.35,2026-09-26T22:44:20+00:00
2026-09-26T17:44:50-05:00,2026-09-26T22:44:50+00:00,Python SDK azure-iot-device (MQTT 8883),DC-RACKC-03,21.85,32.89,45.04,2026-09-26T22:44:50+00:00
2026-09-26T17:45:20-05:00,2026-09-26T22:45:20+00:00,Python SDK azure-iot-device (MQTT 8883),DC-RACKC-03,22.35,33.66,44.45,2026-09-26T22:45:20+00:00
2026-09-26T17:45:51-05:00,2026-09-26T22:45:51+00:00,Python SDK azure-iot-device (MQTT 8883),DC-RACKC-03,21.89,32.45,44.86,2026-09-26T22:45:50+00:00
2026-09-26T17:46:21-05:00,2026-09-26T22:46:21+00:00,Python SDK azure-iot-device (MQTT 8883),DC-RACKC-03,22.31,33.13,44.29,2026-09-26T22:46:21+00:00
2026-09-26T17:46:51-05:00,2026-09-26T22:46:51+00:00,Python SDK azure-iot-device (MQTT 8883),DC-RACKC-03,21.72,32.62,43.63,2026-09-26T22:46:51+00:00
2026-09-26T17:47:21-05:00,2026-09-26T22:47:21+00:00,Python SDK azure-iot-device (MQTT 8883),DC-RACKC-03,21.92,32.99,44.33,2026-09-26T22:47:21+00:00
2026-09-26T17:47:51-05:00,2026-09-26T22:47:51+00:00,Python SDK azure-iot-device (MQTT 8883),DC-RACKC-03,21.94,33.29,44.38,2026-09-26T22:47:51+00:00
2026-09-26T17:48:21-05:00,2026-09-26T22:48:21+00:00,Python SDK azure-iot-device (MQTT 8883),DC-RACKC-03,22.07,33.37,43.63,2026-09-26T22:48:21+00:00
2026-09-26T17:48:51-05:00,2026-09-26T22:48:51+00:00,Python SDK azure-iot-device (MQTT 8883),DC-RACKC-03,22.33,33.4,44.89,2026-09-26T22:48:51+00:00
2026-09-26T17:49:21-05:00,2026-09-26T22:49:21+00:00,Python SDK azure-iot-device (MQTT 8883),DC-RACKC-03,21.69,32.84,43.5,2026-09-26T22:49:21+00:00
2026-09-26T17:49:51-05:00,2026-09-26T22:49:51+00:00,Python SDK azure-iot-device (MQTT 8883),DC-RACKC-03,21.92,33.44,44.31,2026-09-26T22:49:51+00:00
2026-09-26T17:50:22-05:00,2026-09-26T22:50:22+00:00,Python SDK azure-iot-device (MQTT 8883),DC-RACKC-03,21.87,32.79,44.65,2026-09-26T22:50:21+00:00
2026-09-26T17:50:52-05:00,2026-09-26T22:50:52+00:00,Python SDK azure-iot-device (MQTT 8883),DC-RACKC-03,22.1,33.54,43.4,2026-09-26T22:50:52+00:00
2026-09-26T17:51:22-05:00,2026-09-26T22:51:22+00:00,Python SDK azure-iot-device (MQTT 8883),DC-RACKC-03,22.27,33.64,44.65,2026-09-26T22:51:22+00:00
2026-09-26T17:51:52-05:00,2026-09-26T22:51:52+00:00,Python SDK azure-iot-device (MQTT 8883),DC-RACKC-03,22.2,33.03,44.46,2026-09-26T22:51:52+00:00
2026-09-26T17:52:22-05:00,2026-09-26T22:52:22+00:00,Python SDK azure-iot-device (MQTT 8883),DC-RACKC-03,21.88,32.31,43.05,2026-09-26T22:52:22+00:00
2026-09-26T17:52:52-05:00,2026-09-26T22:52:52+00:00,Python SDK azure-iot-device (MQTT 8883),DC-RACKC-03,21.69,32.62,44.61,2026-09-26T22:52:52+00:00
2026-09-26T17:53:22-05:00,2026-09-26T22:53:22+00:00,Python SDK azure-iot-device (MQTT 8883),DC-RACKC-03,21.87,32.76,44.58,2026-09-26T22:53:22+00:00
2026-09-26T17:53:52-05:00,2026-09-26T22:53:52+00:00,Python SDK azure-iot-device (MQTT 8883),DC-RACKC-03,21.91,33.34,43.85,2026-09-26T22:53:52+00:00
2026-09-26T17:54:22-05:00,2026-09-26T22:54:22+00:00,Python SDK azure-iot-device (MQTT 8883),DC-RACKC-03,22.12,33.07,44.61,2026-09-26T22:54:22+00:00
2026-09-26T17:54:53-05:00,2026-09-26T22:54:53+00:00,Python SDK azure-iot-device (MQTT 8883),DC-RACKC-03,22.03,33.61,44.33,2026-09-26T22:54:52+00:00
2026-09-26T17:55:23-05:00,2026-09-26T22:55:23+00:00,Python SDK azure-iot-device (MQTT 8883),DC-RACKC-03,22.21,33.08,44.54,2026-09-26T22:55:23+00:00
2026-09-26T17:55:53-05:00,2026-09-26T22:55:53+00:00,Python SDK azure-iot-device (MQTT 8883),DC-RACKC-03,22.07,33.23,44.12,2026-09-26T22:55:53+00:00
2026-09-26T17:56:23-05:00,2026-09-26T22:56:23+00:00,Python SDK azure-iot-device (MQTT 8883),DC-RACKC-03,22.09,32.75,43.09,2026-09-26T22:56:23+00:00
2026-09-26T17:56:53-05:00,2026-09-26T22:56:53+00:00,Python SDK azure-iot-device (MQTT 8883),DC-RACKC-03,22.21,32.95,44.86,2026-09-26T22:56:53+00:00
2026-09-26T17:57:23-05:00,2026-09-26T22:57:23+00:00,Python SDK azure-iot-device (MQTT 8883),DC-RACKC-03,21.89,32.45,44.0,2026-09-26T22:57:23+00:00
2026-09-26T17:57:53-05:00,2026-09-26T22:57:53+00:00,Python SDK azure-iot-device (MQTT 8883),DC-RACKC-03,21.69,32.33,44.33,2026-09-26T22:57:53+00:00
2026-09-26T17:58:23-05:00,2026-09-26T22:58:23+00:00,Python SDK azure-iot-device (MQTT 8883),DC-RACKC-03,22.34,32.93,42.93,2026-09-26T22:58:23+00:00
2026-09-26T17:58:53-05:00,2026-09-26T22:58:53+00:00,Python SDK azure-iot-device (MQTT 8883),DC-RACKC-03,22.24,33.33,43.48,2026-09-26T22:58:53+00:00
2026-09-26T17:59:23-05:00,2026-09-26T22:59:23+00:00,Python SDK azure-iot-device (MQTT 8883),DC-RACKC-03,22.38,32.98,43.73,2026-09-26T22:59:23+00:00
2026-09-26T17:59:54-05:00,2026-09-26T22:59:54+00:00,Python SDK azure-iot-device (MQTT 8883),DC-RACKC-03,21.99,32.38,42.9,2026-09-26T22:59:53+00:00
2026-09-26T18:00:24-05:00,2026-09-26T23:00:24+00:00,Python SDK azure-iot-device (MQTT 8883),DC-RACKC-03,22.08,33.3,44.85,2026-09-26T23:00:24+00:00
2026-09-26T18:00:54-05:00,2026-09-26T23:00:54+00:00,Python SDK azure-iot-device (MQTT 8883),DC-RACKC-03,22.32,33.22,44.37,2026-09-26T23:00:54+00:00
2026-09-26T18:01:24-05:00,2026-09-26T23:01:24+00:00,Python SDK azure-iot-device (MQTT 8883),DC-RACKC-03,21.82,32.72,44.29,2026-09-26T23:01:24+00:00
2026-09-26T18:01:54-05:00,2026-09-26T23:01:54+00:00,Python SDK azure-iot-device (MQTT 8883),DC-RACKC-03,21.94,32.89,44.58,2026-09-26T23:01:54+00:00
2026-09-26T18:02:24-05:00,2026-09-26T23:02:24+00:00,Python SDK azure-iot-device (MQTT 8883),DC-RACKC-03,22.19,33.6,43.44,2026-09-26T23:02:24+00:00
2026-09-26T18:02:54-05:00,2026-09-26T23:02:54+00:00,Python SDK azure-iot-device (MQTT 8883),DC-RACKC-03,22.15,32.57,44.73,2026-09-26T23:02:54+00:00
2026-09-26T18:03:24-05:00,2026-09-26T23:03:24+00:00,Python SDK azure-iot-device (MQTT 8883),DC-RACKC-03,22.19,33.52,44.42,2026-09-26T23:03:24+00:00
2026-09-26T18:03:54-05:00,2026-09-26T23:03:54+00:00,Python SDK azure-iot-device (MQTT 8883),DC-RACKC-03,22.02,33.11,44.98,2026-09-26T23:03:54+00:00
2026-09-26T18:04:25-05:00,2026-09-26T23:04:25+00:00,Python SDK azure-iot-device (MQTT 8883),DC-RACKC-03,21.85,32.39,44.32,2026-09-26T23:04:24+00:00
2026-09-26T18:04:55-05:00,2026-09-26T23:04:55+00:00,Python SDK azure-iot-device (MQTT 8883),DC-RACKC-03,22.05,33.34,44.96,2026-09-26T23:04:55+00:00
2026-09-26T18:05:25-05:00,2026-09-26T23:05:25+00:00,Python SDK azure-iot-device (MQTT 8883),DC-RACKC-03,22.28,33.23,43.16,2026-09-26T23:05:25+00:00
2026-09-26T18:05:55-05:00,2026-09-26T23:05:55+00:00,Python SDK azure-iot-device (MQTT 8883),DC-RACKC-03,22.25,33.1,43.39,2026-09-26T23:05:55+00:00
2026-09-26T18:06:25-05:00,2026-09-26T23:06:25+00:00,Python SDK azure-iot-device (MQTT 8883),DC-RACKC-03,21.73,32.78,43.86,2026-09-26T23:06:25+00:00
2026-09-26T18:06:55-05:00,2026-09-26T23:06:55+00:00,Python SDK azure-iot-device (MQTT 8883),DC-RACKC-03,22.23,33.14,44.45,2026-09-26T23:06:55+00:00
2026-09-26T18:07:25-05:00,2026-09-26T23:07:25+00:00,Python SDK azure-iot-device (MQTT 8883),DC-RACKC-03,22.02,33.5,43.43,2026-09-26T23:07:25+00:00
2026-09-26T18:07:55-05:00,2026-09-26T23:07:55+00:00,Python SDK azure-iot-device (MQTT 8883),DC-RACKC-03,21.91,33.47,43.96,2026-09-26T23:07:55+00:00
